"sample_id","household_group","current_insured","TP_use","insurance_efficacy","insurance_affordability","provider_trust"
1,"G4_other",1,1,1,0.5,0.5
3,"G1_elderly_only",1,0.875,0.75,0.75,0.75
4,"G2_with_children",1,0.75,1,0.75,0.75
5,"G4_other",1,1,0.75,0.75,0.5
6,"G4_other",1,0.5,0.5,0.25,0.5
10,"G3_single_nonelderly",0,0.625,0.75,0.5,0.5
11,"G2_with_children",1,0.375,0.75,0.5,0.5
14,"G2_with_children",1,0.5,0.75,0.25,0.25
15,"G1_elderly_only",0,0.125,0.75,0.75,0.75
16,"G4_other",1,0.75,0.75,0.75,0.5
18,"G2_with_children",1,0.75,0.75,0.25,0.5
19,"G2_with_children",1,0.75,1,0.5,0.5
20,"G2_with_children",1,0.5,0.75,0.75,0.75
22,"G3_single_nonelderly",1,0.5,1,0.5,0.5
23,"G2_with_children",1,0.75,0.75,0.5,0.5
24,"G3_single_nonelderly",1,0.625,1,1,1
26,"G2_with_children",1,0.75,0.75,0.75,0.75
27,"G2_with_children",0,0.125,1,0,0
28,"G4_other",1,0.25,1,0.5,0.5
30,"G2_with_children",0,0.5,0.75,0.5,0.5
32,"G3_single_nonelderly",0,0.625,0.75,0.5,0.5
36,"G3_single_nonelderly",0,0.375,0.25,0.25,0.25
38,"G2_with_children",1,0.375,1,0.5,0.75
40,"G2_with_children",1,0.625,1,0.75,0.5
42,"G3_single_nonelderly",1,0.375,0.25,0.25,0.25
45,"G4_other",1,0.5,0.75,0.75,0.75
46,"G4_other",1,1,0.75,0.5,0.5
49,"G1_elderly_only",0,0.5,0.75,0.5,0.75
50,"G2_with_children",1,0.625,1,1,1
51,"G2_with_children",1,0.25,1,0.75,0.5
53,"G4_other",0,0.75,0.75,0.75,0.75
54,"G4_other",1,0.375,0.75,0.5,0.5
55,"G3_single_nonelderly",1,0.75,0.5,0.5,0.5
56,"G2_with_children",0,0.375,0.75,0.5,0.5
57,"G4_other",1,0.5,0.75,0.5,0.5
58,"G1_elderly_only",1,1,0.75,0.25,0.25
61,"G2_with_children",1,0.5,0.75,0.75,0.75
62,"G2_with_children",1,0.5,0.75,0.75,0.75
63,"G1_elderly_only",0,0.625,0.5,0.5,0.75
64,"G4_other",1,0.75,0.75,0.75,0.75
65,"G4_other",0,0.875,0.75,0.5,0.5
67,"G4_other",0,0.5,0.5,0.5,0.75
70,"G4_other",1,0.625,0.75,0.75,0.5
73,"G1_elderly_only",1,0.5,0.75,0.75,0.25
74,"G2_with_children",1,0.75,1,0.25,0.5
75,"G2_with_children",1,1,0.75,0.75,0.5
76,"G1_elderly_only",1,0.375,0.75,0.75,0.75
78,"G1_elderly_only",1,0.75,0.75,0.75,0.75
83,"G1_elderly_only",1,0.75,0.75,0.75,0.75
84,"G4_other",1,0.5,0.75,0.5,0.5
85,"G4_other",1,0.375,0.75,0.5,0.5
86,"G4_other",1,0.75,0.75,0.75,0.5
89,"G3_single_nonelderly",1,0.375,0.75,0.75,0.5
90,"G4_other",0,0.25,0.75,0.5,0.5
91,"G1_elderly_only",1,0.75,0.75,0.75,0.75
92,"G2_with_children",1,0.875,0.75,0.5,0.25
93,"G4_other",0,0.375,0.75,0.5,0.5
94,"G4_other",0,0.5,0.5,0.5,0.5
95,"G2_with_children",0,0.625,0.75,0.25,0.25
97,"G2_with_children",1,0.375,0.75,0.5,0.5
99,"G4_other",0,0.125,0.75,0.5,0.75
100,"G3_single_nonelderly",1,0.75,0.75,0.75,0.75
101,"G1_elderly_only",1,0.5,0.5,0.5,0.75
102,"G2_with_children",0,0.5,0.5,0.5,0.5
103,"G2_with_children",1,0.625,0.75,0.5,0.75
104,"G4_other",1,0.75,0.75,0.5,0.75
105,"G3_single_nonelderly",1,0.75,0.75,0.5,0.25
106,"G4_other",1,0.875,1,0.5,0.5
107,"G2_with_children",1,0.5,0.75,0.75,0.75
110,"G3_single_nonelderly",0,0.5,0.75,0.5,0
111,"G4_other",1,0.625,0.75,0.5,0.5
113,"G1_elderly_only",1,0.625,0.75,0.75,0.75
114,"G3_single_nonelderly",1,0.625,0.75,0.5,0.75
115,"G2_with_children",0,0.125,0.75,0.5,0.5
117,"G2_with_children",1,0.25,0.75,0.75,0.75
120,"G4_other",1,1,0.75,0.75,0.5
122,"G2_with_children",1,0.625,0.75,0.5,0.5
125,"G1_elderly_only",1,1,0.75,0.75,0.75
127,"G1_elderly_only",0,0.625,0.25,0.5,0.5
128,"G1_elderly_only",0,0.75,0.25,0.25,0
129,"G1_elderly_only",1,0.125,0.75,0.75,0.75
130,"G4_other",1,0.5,1,1,1
131,"G4_other",1,0.625,0.75,0,0.5
134,"G2_with_children",0,0.25,0.75,0.5,0.5
135,"G4_other",0,0,0.75,0.5,0.75
138,"G2_with_children",1,0.875,0.75,0.5,0.5
139,"G4_other",0,0.25,1,0.75,0.75
140,"G1_elderly_only",1,0.625,0.75,0.75,0.75
141,"G2_with_children",1,0.75,0.5,0.5,0.5
142,"G1_elderly_only",1,0.625,1,0.75,0.75
143,"G1_elderly_only",1,0.375,0.75,0.5,0.5
144,"G4_other",1,0.5,0.75,0.25,0.75
145,"G2_with_children",1,1,0.75,0.75,0.75
147,"G4_other",1,0.625,1,0.25,0.5
149,"G1_elderly_only",1,1,0.5,0.5,0.5
150,"G2_with_children",1,0.5,1,1,1
151,"G4_other",0,0.375,0.75,0.5,0.5
152,"G3_single_nonelderly",0,1,1,0.75,0.5
153,"G2_with_children",1,0.75,0.5,0.25,0.75
154,"G4_other",0,0.375,0.75,0.5,0.75
155,"G2_with_children",0,0,0.75,0.25,0.5
156,"G4_other",1,1,1,1,0.75
157,"G2_with_children",1,0.5,0.5,0.25,0.25
158,"G2_with_children",1,0,1,0.75,0.5
159,"G2_with_children",0,0.125,0.75,0.5,0.5
160,"G2_with_children",0,0.125,0.5,0.5,0.25
161,"G3_single_nonelderly",1,0.625,0.75,0.75,0.75
164,"G4_other",1,0.75,0.75,0.75,0.5
166,"G2_with_children",1,0.75,0.75,0.75,0.25
167,"G1_elderly_only",1,0.25,1,0.5,0.5
169,"G4_other",1,0.5,0.75,0.75,0.5
170,"G2_with_children",1,1,1,1,1
171,"G4_other",1,0.375,0.75,0.75,0.75
173,"G4_other",1,0.5,0.75,0.75,0.5
174,"G4_other",1,0.75,0.75,0.75,0.5
177,"G4_other",1,0.375,0.75,0.75,0.75
178,"G1_elderly_only",0,0.5,0.75,0.75,0.25
179,"G3_single_nonelderly",1,0.5,1,0.5,1
182,"G2_with_children",1,0.5,0.75,0.5,0.5
184,"G4_other",0,0.5,0.75,0.25,0.5
185,"G2_with_children",1,0.5,0.75,0.75,0.5
186,"G1_elderly_only",1,0.25,0.75,0.5,0.5
187,"G2_with_children",0,0.25,0.75,0.5,0.5
188,"G4_other",0,0.375,1,0.5,0.75
189,"G1_elderly_only",1,0.5,0.5,0.5,0.5
190,"G4_other",0,0.375,0.75,0.75,0.75
191,"G1_elderly_only",1,0.25,0.75,0.5,0.5
192,"G4_other",1,0.875,0.75,0.75,0.75
193,"G1_elderly_only",1,0.5,0.75,0.75,0.75
197,"G1_elderly_only",1,0.75,1,1,0.75
198,"G4_other",1,0.875,0.75,0.25,0.25
199,"G4_other",0,0.375,0.75,0.5,0.75
200,"G1_elderly_only",1,0.5,0.75,0.25,0.25
201,"G2_with_children",1,0.375,0.75,0.5,0.75
205,"G2_with_children",1,0.625,1,0.5,0.75
206,"G1_elderly_only",1,0.75,0.75,0.75,0.75
209,"G4_other",0,0.25,0.75,0.75,0.75
210,"G1_elderly_only",1,0.75,1,1,1
214,"G2_with_children",1,0.875,1,0.25,1
215,"G1_elderly_only",1,0.625,1,0.75,1
218,"G2_with_children",1,0.125,0.75,0.5,0.5
219,"G2_with_children",1,0.625,0.75,0.75,0.5
220,"G4_other",1,0.5,0.75,0.75,0.5
221,"G2_with_children",1,0.75,1,0.5,0.5
224,"G4_other",1,0.25,1,0.5,0.5
229,"G2_with_children",1,0.75,0.5,0.5,0.5
230,"G2_with_children",1,0.125,1,0.5,0.5
232,"G2_with_children",1,0.5,1,1,1
233,"G2_with_children",1,0.75,0.75,0.25,0.25
235,"G2_with_children",1,0.75,0.75,0.25,0.5
236,"G1_elderly_only",1,0.125,1,0.75,0.75
237,"G4_other",1,0.375,1,0.75,0.5
240,"G4_other",1,0.75,0.5,0.5,0.75
241,"G1_elderly_only",1,0.625,0.75,0.75,0.5
242,"G2_with_children",1,0.5,1,0.75,0.75
243,"G4_other",1,0.25,1,0.75,0.75
246,"G4_other",1,0.75,0.5,0.5,0.5
247,"G1_elderly_only",1,0.25,0.75,0.75,0.75
250,"G4_other",0,0.375,0.75,0.75,0.75
252,"G1_elderly_only",1,0.125,0.75,0.5,0.75
254,"G3_single_nonelderly",1,0.125,0.75,0.75,0.75
255,"G2_with_children",0,0.75,0.75,0.75,0.5
257,"G3_single_nonelderly",1,0.75,0.5,0.5,0.5
259,"G1_elderly_only",1,0.875,1,0.25,0.25
265,"G1_elderly_only",1,0.125,0.75,0.25,0.5
266,"G2_with_children",1,0.875,0.75,0.25,0.5
267,"G2_with_children",1,0.625,0.75,0.25,0.25
268,"G2_with_children",1,0.5,1,0.75,0.75
269,"G3_single_nonelderly",1,0.5,0.75,0.75,0.75
271,"G1_elderly_only",1,0.375,0.75,0.75,0.75
273,"G2_with_children",1,0.875,0.75,0.25,0.5
274,"G4_other",0,0.5,0.75,0.5,0.5
276,"G4_other",1,0.5,0.75,0.75,0.75
278,"G1_elderly_only",1,0.75,0.75,0.75,0.75
281,"G1_elderly_only",1,0.75,0.5,0.5,0.5
284,"G2_with_children",0,0.5,1,0.5,0.5
285,"G2_with_children",1,0.5,0.75,0.5,0.25
287,"G1_elderly_only",1,0.75,0.75,0.75,0.75
288,"G1_elderly_only",1,0.5,1,0.5,0.75
289,"G4_other",1,0.75,0.75,0.75,0.75
291,"G2_with_children",1,0.375,0,0.5,0
293,"G1_elderly_only",0,0.375,0.75,1,0.75
296,"G2_with_children",1,0,0.75,0.75,0.75
297,"G1_elderly_only",1,0.625,1,0.75,0.75
298,"G3_single_nonelderly",1,0.625,0.75,0.75,0.75
302,"G1_elderly_only",0,0.125,0.75,0.75,0.75
305,"G1_elderly_only",1,0.75,0.75,0.75,0.75
308,"G1_elderly_only",1,0.375,0.75,0.5,0.25
309,"G3_single_nonelderly",1,0.75,0.75,0.75,0.75
310,"G4_other",0,0.125,1,0.5,0.25
311,"G2_with_children",1,0.625,0.75,0.75,0.5
315,"G4_other",1,1,1,0.5,0.75
317,"G2_with_children",1,0.375,0.75,0.75,0.75
318,"G1_elderly_only",1,0.25,1,0.75,0.75
322,"G1_elderly_only",0,0.75,1,0.75,0.5
327,"G4_other",0,0.625,0.75,0.75,0.75
331,"G4_other",0,0.375,1,0.5,0.5
333,"G4_other",0,0.375,0.75,0.25,0.25
335,"G2_with_children",1,0.625,0.75,0.75,0.75
336,"G3_single_nonelderly",0,0.25,0.75,0.5,0.5
338,"G4_other",1,0.25,0.75,0.75,0.5
340,"G1_elderly_only",1,0.375,0.75,0.25,0.25
341,"G4_other",1,0.75,1,1,0.25
342,"G2_with_children",1,0.375,0.75,0.75,0.5
343,"G1_elderly_only",1,0.75,0.75,0.75,0.5
344,"G2_with_children",1,0.375,1,1,1
345,"G1_elderly_only",1,0.5,0.75,0.5,0.5
346,"G3_single_nonelderly",1,0.625,0.75,0.5,0.5
348,"G4_other",1,0.875,1,0.25,0.5
354,"G3_single_nonelderly",1,1,1,0.75,0.25
355,"G4_other",1,0.375,0.75,0.5,0.5
356,"G2_with_children",1,1,1,0.25,1
357,"G2_with_children",0,0.625,0.75,0.5,0.5
358,"G3_single_nonelderly",0,0.5,0.5,0.5,0.25
359,"G3_single_nonelderly",1,0.75,0.75,0.5,0.5
360,"G1_elderly_only",1,0.625,0.75,0.75,0.75
361,"G2_with_children",1,1,0.5,0,0.5
362,"G3_single_nonelderly",1,0.375,0.75,0.5,0.75
365,"G2_with_children",1,0,0.75,0.75,0.75
366,"G1_elderly_only",1,0.5,0.5,0.25,0.25
367,"G2_with_children",1,0.5,1,1,1
368,"G2_with_children",1,0.75,0.75,0.75,0.75
371,"G4_other",1,0.5,0.75,0.5,0.5
372,"G2_with_children",1,0.75,1,0.5,0.75
374,"G4_other",1,0.625,0.25,0.5,0.5
375,"G1_elderly_only",1,0.75,0.75,0.5,0.5
376,"G3_single_nonelderly",1,0.5,0.75,0.75,0.5
378,"G2_with_children",0,0.5,0.75,0.5,0.5
379,"G1_elderly_only",0,0.625,0.5,0.25,0.5
380,"G2_with_children",1,0.875,1,0.75,0.5
382,"G4_other",1,0.625,1,1,0.75
383,"G1_elderly_only",1,0.375,0.75,0.5,0.25
384,"G3_single_nonelderly",0,0.5,0.75,0.5,0.5
385,"G4_other",1,0.625,0.5,0.5,0.5
387,"G2_with_children",0,0.75,0.75,0.5,0.5
388,"G3_single_nonelderly",1,0.75,0.5,0.5,0.5
391,"G2_with_children",0,0.5,0.5,0.5,0.5
392,"G2_with_children",0,0.375,0.75,0.5,0.5
393,"G1_elderly_only",1,0.5,0.75,0.75,0.75
394,"G1_elderly_only",1,0.25,0,0.5,0
398,"G4_other",1,0.75,0.75,0.5,0.5
399,"G1_elderly_only",0,0.625,0.25,0.5,0.5
400,"G4_other",0,0.75,1,0.25,0.5
404,"G1_elderly_only",1,0.5,0.75,0.75,0.75
407,"G4_other",1,0.375,0.75,0.75,0.75
408,"G2_with_children",1,0.625,0.75,0.5,0.75
409,"G2_with_children",1,0.375,0.75,0.5,0.75
410,"G1_elderly_only",1,0.5,1,0.75,0.75
411,"G2_with_children",0,0.25,0.75,0.75,0.75
413,"G1_elderly_only",1,0.625,1,1,0.5
415,"G1_elderly_only",1,1,1,0.75,0.5
418,"G2_with_children",1,0.875,1,1,0.5
420,"G4_other",1,0.75,0.75,0.75,0.5
421,"G4_other",0,0.875,0.75,0.5,0.5
424,"G4_other",1,1,1,1,0.75
426,"G4_other",1,0.75,0.75,0.25,0.5
427,"G2_with_children",1,0,1,1,1
428,"G1_elderly_only",1,0.5,0.75,0.5,0.5
431,"G2_with_children",1,0.75,0.75,0.75,0.75
432,"G4_other",1,1,1,0.25,0.75
433,"G2_with_children",0,0.125,0.75,0.5,0.5
434,"G3_single_nonelderly",1,0.375,1,0.75,0.75
437,"G4_other",1,0.5,0.5,0.5,0.5
438,"G4_other",1,0.625,0.75,0,0.75
440,"G1_elderly_only",1,0.75,0.75,0.5,0.25
441,"G1_elderly_only",1,0.75,0.75,0.5,0.5
442,"G1_elderly_only",0,0.25,0.75,0.25,0.25
443,"G1_elderly_only",1,0.375,0.75,0.75,0.5
444,"G1_elderly_only",1,0.375,0.75,0.75,0.5
446,"G1_elderly_only",1,0.625,0.75,0.25,0.25
448,"G1_elderly_only",1,0.625,0.75,0.75,0.75
449,"G2_with_children",0,0.25,0.75,0.25,0.25
450,"G1_elderly_only",0,0.375,1,0.75,0.75
456,"G4_other",0,0,1,0.75,0.5
458,"G1_elderly_only",1,0.375,1,0.5,0.25
459,"G1_elderly_only",1,0.25,0.75,0.5,0.75
461,"G4_other",1,0.5,0.75,0.5,0.75
462,"G2_with_children",1,1,0.5,0.5,0.5
463,"G1_elderly_only",0,0.125,0.75,0.75,0.75
464,"G4_other",0,0.25,1,0.5,0.5
465,"G2_with_children",0,0.25,0.75,0.5,0.75
469,"G2_with_children",1,0.625,0.25,0.25,0.25
471,"G4_other",1,0.75,0.75,0.25,0.25
473,"G3_single_nonelderly",1,0.625,0.75,0.5,0.5
474,"G4_other",1,0.5,0.75,0.5,0.5
475,"G1_elderly_only",1,0.375,0.75,0.75,0.75
476,"G4_other",1,0.75,0.75,0.5,0.5
477,"G2_with_children",1,0.875,1,1,1
478,"G1_elderly_only",1,1,0.75,0,0
479,"G2_with_children",1,0.625,0.5,0.75,0.75
480,"G1_elderly_only",1,0.25,1,0.75,0.75
481,"G2_with_children",1,0.875,1,0.25,0.5
482,"G2_with_children",1,0.625,0.75,0.5,0.75
486,"G4_other",1,0.625,0.5,0.5,0.5
489,"G2_with_children",1,0.75,1,0.75,0.5
491,"G4_other",1,0.625,0.25,0.5,0.25
494,"G2_with_children",1,0.375,0.75,0.5,0.5
495,"G4_other",0,0.5,0.75,0.5,0.5
497,"G4_other",1,0.5,0.75,0.75,0.75
498,"G1_elderly_only",0,0,0.75,0.25,0.25
499,"G4_other",1,0.75,1,1,1
500,"G2_with_children",1,0.875,0.75,0.75,0.75
501,"G2_with_children",1,0.25,1,1,1
504,"G2_with_children",1,0.75,0.75,0.25,0.5
506,"G2_with_children",1,0.5,0.75,0.5,0.5
509,"G3_single_nonelderly",1,0.5,0.75,0.75,0.5
512,"G3_single_nonelderly",1,0.875,1,0.5,0.75
515,"G2_with_children",1,0.25,1,0.75,0.75
518,"G1_elderly_only",1,0.75,0.75,0.5,0.75
519,"G4_other",0,0,0.25,0.5,0.5
525,"G4_other",0,0.5,0.75,0.25,0.25
527,"G3_single_nonelderly",0,0.5,0.75,0.5,0.5
528,"G4_other",1,0.375,0.5,0.25,0.25
529,"G3_single_nonelderly",1,0.5,0.75,0.5,0.5
531,"G3_single_nonelderly",1,0.625,0.5,0.5,0.5
533,"G4_other",1,0.375,0.75,0.5,0.5
534,"G4_other",1,0.625,0.75,0.5,0.5
535,"G2_with_children",0,0.875,0.5,0.75,0.5
536,"G1_elderly_only",1,0.625,0.75,0.25,0.5
537,"G3_single_nonelderly",0,0.75,0.75,0.5,0.5
540,"G2_with_children",1,0.25,0.75,0.25,0.5
541,"G3_single_nonelderly",1,0.5,0.75,0.75,0.75
543,"G2_with_children",1,0.875,0.75,0.75,0.5
544,"G2_with_children",0,0.625,0.75,0.5,0.5
545,"G2_with_children",1,0.5,0.75,0.5,0.75
548,"G2_with_children",0,1,1,0.25,0.25
549,"G4_other",1,0.75,0.75,0,0.5
551,"G3_single_nonelderly",0,0.75,0.75,0.5,0.5
553,"G1_elderly_only",0,0.75,0.75,0.75,0.75
558,"G2_with_children",1,0.5,0.75,0.5,0.75
559,"G4_other",1,0.5,1,0.75,0.5
560,"G1_elderly_only",1,0.875,1,0.5,0.75
562,"G2_with_children",1,0.5,0.75,0.75,0.5
564,"G4_other",1,0.25,0.75,0.5,0.25
566,"G2_with_children",1,0.25,1,0.75,0.75
567,"G2_with_children",0,0.5,0.75,0.5,0.5
568,"G3_single_nonelderly",1,0.375,0.75,0.75,0.75
569,"G4_other",0,0.625,1,0.75,0.75
571,"G2_with_children",1,0.75,1,1,0.75
572,"G4_other",1,0.5,0.75,0.5,0.5
573,"G2_with_children",1,0.5,0.5,0.5,0.5
574,"G4_other",0,0.5,0.5,0.5,0.5
575,"G2_with_children",1,0.5,0.5,0.5,0.5
576,"G1_elderly_only",1,0.625,1,0.75,0.75
577,"G4_other",0,0.25,0.75,0.5,0.25
578,"G2_with_children",0,1,1,0.5,0.5
580,"G4_other",0,0.375,0.75,0.5,0.25
581,"G2_with_children",0,0.75,0.75,0.25,0.25
583,"G2_with_children",0,0.5,0.75,0.5,0.5
586,"G4_other",1,0.75,0.75,0.5,0.5
588,"G2_with_children",1,0.5,0.75,0.5,0.5
593,"G1_elderly_only",1,1,1,1,1
594,"G1_elderly_only",0,0.75,0.75,0.5,0.5
595,"G4_other",1,0.25,0.75,0.5,0.5
596,"G1_elderly_only",1,0.75,1,1,0.75
597,"G1_elderly_only",1,1,0.75,0.25,0.5
599,"G2_with_children",1,0.375,0.75,0.5,0.75
600,"G1_elderly_only",0,0.375,0.25,0.25,0.5
601,"G1_elderly_only",1,0.75,0.5,0.75,0.75
602,"G2_with_children",0,0.125,0.75,0.75,0.75
603,"G2_with_children",1,0.25,0.75,0.5,0.5
604,"G1_elderly_only",0,0.25,1,0.75,0.75
606,"G4_other",0,0,0.75,0.75,0.5
607,"G4_other",1,0.625,0.75,0.25,0.5
608,"G2_with_children",1,1,1,0.5,1
609,"G2_with_children",1,0.625,1,0.75,0.75
610,"G1_elderly_only",0,0.5,0.75,0.75,0.5
613,"G3_single_nonelderly",0,0.125,0.75,0.75,0.5
617,"G1_elderly_only",1,0.5,0.75,0.75,0.75
618,"G1_elderly_only",1,1,0.5,0.5,0.75
620,"G1_elderly_only",1,0.5,0.75,0.75,0.5
621,"G1_elderly_only",1,0.375,0.75,0.5,0.5
626,"G1_elderly_only",1,0.375,1,0.75,0.75
628,"G1_elderly_only",0,0.5,0.5,0.25,0.25
629,"G1_elderly_only",0,0.25,0.75,0.5,0.25
631,"G1_elderly_only",1,0.375,0.75,0.75,0.75
633,"G2_with_children",1,0.75,0.75,0.5,0.5
634,"G1_elderly_only",1,0.375,0.75,0.75,0.5
635,"G2_with_children",1,0.125,0.75,0.25,0.75
636,"G2_with_children",1,0.75,0.75,0.5,0.75
637,"G1_elderly_only",1,0.5,1,0.75,0.75
638,"G4_other",0,0.5,1,0.75,0.75
643,"G3_single_nonelderly",1,0.5,0.75,0.75,0.75
644,"G2_with_children",1,0.25,0.5,0.75,0.5
645,"G3_single_nonelderly",1,0.75,1,1,1
646,"G2_with_children",1,0.75,1,0.5,0.25
647,"G1_elderly_only",0,0.625,0.25,0.25,0.25
648,"G1_elderly_only",1,0.625,1,0.5,0.75
650,"G2_with_children",1,1,1,0.5,0.5
651,"G3_single_nonelderly",0,0.5,0.75,0.75,0.75
653,"G4_other",0,0.375,0.5,0.5,0.5
654,"G4_other",1,0,0.5,0.5,0.5
656,"G4_other",1,0.375,0.75,0.5,0.5
660,"G4_other",1,0.75,1,1,1
661,"G2_with_children",0,0.125,0.5,0.25,0.25
662,"G2_with_children",0,0.125,0.75,0.75,0.5
663,"G4_other",0,0.25,0.75,0.5,0.5
665,"G4_other",1,1,0.75,0.5,0.5
668,"G2_with_children",1,0.75,0.75,0.25,0.75
669,"G4_other",1,0.75,0.75,0.75,0.75
670,"G4_other",0,0.25,0.75,0.5,0.75
671,"G2_with_children",0,0.5,0.75,0.25,0.25
672,"G2_with_children",1,0.75,0.75,0.25,0.5
673,"G4_other",0,0.5,0.75,0.25,0.75
675,"G4_other",0,0.125,0.5,0.5,0.5
676,"G3_single_nonelderly",1,0,1,0.5,1
677,"G3_single_nonelderly",1,0.75,1,0.75,0.75
678,"G4_other",1,1,0.25,0.25,0.25
679,"G4_other",1,0.5,0.75,0.5,0.5
680,"G1_elderly_only",1,0.625,1,0.25,0.5
681,"G1_elderly_only",1,0.75,0.75,0.5,0.5
682,"G4_other",1,0.625,0.75,0.5,0.5
683,"G4_other",1,0.25,0.75,0.5,0.5
684,"G4_other",1,1,0.75,0.5,0.5
687,"G1_elderly_only",1,0.625,1,1,1
688,"G2_with_children",1,0.625,0.75,0.5,0.5
689,"G1_elderly_only",0,0.375,0.75,0.5,0.5
690,"G2_with_children",1,0.25,0.75,0.75,0.75
691,"G4_other",1,0.875,0.75,0.75,0.5
694,"G2_with_children",1,1,0.5,0,0
701,"G3_single_nonelderly",1,0.75,0.75,0.5,0.5
704,"G4_other",0,0.375,0.25,0.25,0.5
705,"G2_with_children",1,0.875,0.75,0.75,0.75
706,"G2_with_children",1,0.75,0.75,0.25,0.5
711,"G1_elderly_only",1,0.75,0.75,0.5,0.5
712,"G4_other",1,0.25,0.5,0.5,0.5
714,"G2_with_children",1,0.125,0.5,0.5,0.5
715,"G3_single_nonelderly",0,0.25,0.75,0.75,0.5
718,"G4_other",1,0.875,1,0.5,0.75
719,"G1_elderly_only",1,0.75,0.75,0.75,0.75
720,"G1_elderly_only",1,0.25,0.75,0.5,0.75
723,"G4_other",0,0.5,0.75,0.5,0.5
724,"G1_elderly_only",1,0,0.5,0,0
726,"G4_other",0,0.25,0.75,0.25,0.25
729,"G1_elderly_only",1,0.25,0.75,0.75,0.75
730,"G2_with_children",1,0.375,1,0.75,0.75
731,"G2_with_children",1,0.5,0.75,0.5,0.5
732,"G2_with_children",1,0.625,1,0.5,0.75
734,"G1_elderly_only",1,0.125,1,0.75,0.75
736,"G2_with_children",1,0.75,0.75,0.5,0.75
738,"G1_elderly_only",1,0.5,0.75,0.5,0.75
740,"G4_other",1,0.5,1,0.75,0.75
742,"G2_with_children",1,0.875,1,1,1
743,"G3_single_nonelderly",1,0,0.75,0.25,0.5
744,"G4_other",0,0,1,0,0
745,"G4_other",1,0.375,0.75,0.5,0.5
747,"G2_with_children",1,0.625,1,0.5,0.75
749,"G4_other",1,0.75,0.75,0.75,0.75
750,"G2_with_children",1,0.75,1,1,1
752,"G4_other",0,0.625,1,1,1
754,"G4_other",1,0.625,0.75,0.75,0.75
755,"G2_with_children",0,0.25,0.75,0.5,0.5
756,"G2_with_children",1,0.875,1,0,1
757,"G2_with_children",1,0.75,0.5,0.5,0.5
761,"G3_single_nonelderly",1,0.5,0.75,0.5,0.5
763,"G4_other",1,0.625,0.5,0.5,0.5
764,"G1_elderly_only",1,0.125,0.75,0.75,0.25
765,"G2_with_children",1,0.125,0,0,0.25
768,"G2_with_children",1,0.75,0.75,0.5,0.5
769,"G4_other",0,0,0.25,0.25,0
770,"G4_other",1,0.25,1,0.75,0.5
772,"G3_single_nonelderly",0,0.25,0.75,0.5,0.5
774,"G2_with_children",1,0.75,1,0.25,0.25
775,"G3_single_nonelderly",1,0.25,0.75,0.5,0.5
776,"G2_with_children",0,0.625,1,0.5,0.5
777,"G3_single_nonelderly",1,0.625,0.75,0.75,0.75
779,"G2_with_children",1,0.5,0.75,0.75,0.75
781,"G4_other",0,0.5,0.75,0.75,0.75
783,"G2_with_children",1,0.5,0.75,0.75,0.75
784,"G2_with_children",1,0.625,0.75,0.5,0.75
785,"G1_elderly_only",0,0.625,0.75,0.5,0.5
787,"G2_with_children",1,0.375,0.75,0.5,0.5
788,"G2_with_children",1,0.625,1,1,1
790,"G4_other",1,0.625,1,0.25,0.75
791,"G2_with_children",1,0.5,0.75,0.5,0.5
792,"G2_with_children",1,0.5,0.75,0.75,0.75
793,"G2_with_children",1,0.5,0.5,0.5,0.5
794,"G4_other",1,0.625,0.75,0.5,0.5
796,"G2_with_children",1,0.375,0.5,0.5,0.5
797,"G4_other",1,0.375,0.75,0.75,0.75
798,"G2_with_children",0,0.625,0.75,0.75,0.75
800,"G3_single_nonelderly",0,0.125,0.75,0.5,0.5
801,"G2_with_children",1,0.625,0.75,0.5,0.5
802,"G2_with_children",0,0.875,1,1,0.75
803,"G2_with_children",1,0.75,0.75,0.75,0.75
804,"G1_elderly_only",1,0.75,1,0.75,0.75
805,"G4_other",1,0.75,0.75,0,0
808,"G1_elderly_only",1,0.625,1,1,0.5
810,"G4_other",1,0.5,0.25,0.25,0.5
811,"G4_other",0,0.5,0.75,0.5,0.75
815,"G1_elderly_only",1,1,1,1,1
816,"G1_elderly_only",0,0.375,0.75,0.5,0.75
817,"G3_single_nonelderly",0,0.5,0.75,0.75,0.75
818,"G3_single_nonelderly",1,0.625,0.75,0.5,0.5
819,"G4_other",1,0.75,0.75,0.75,0.75
820,"G1_elderly_only",1,0.625,0.75,0.5,0.75
821,"G4_other",1,0.375,0.25,0.5,0.25
822,"G1_elderly_only",0,0.625,1,0.5,0.5
823,"G3_single_nonelderly",0,0.875,0.5,0,0.25
824,"G1_elderly_only",1,0.5,1,1,0.75
825,"G1_elderly_only",1,0.375,0.75,0.25,0.5
826,"G1_elderly_only",1,0.625,0.75,0.75,0.75
827,"G2_with_children",1,0.75,1,0.75,0.75
828,"G1_elderly_only",0,0.75,0,0,0
830,"G4_other",1,0,1,0.5,0.5
833,"G1_elderly_only",1,0.5,1,0.75,0.5
834,"G4_other",1,0.75,1,0.75,0.75
835,"G2_with_children",1,0.375,0.75,0.5,0.75
836,"G2_with_children",0,0.25,0.75,0.5,0.5
838,"G1_elderly_only",0,0,1,1,0
839,"G1_elderly_only",1,0.5,0.75,0.75,0.75
841,"G1_elderly_only",1,0.75,0.5,0.5,0.5
843,"G1_elderly_only",1,0.125,1,1,0.75
844,"G1_elderly_only",0,0.25,0.75,0.5,0.5
846,"G2_with_children",1,0.625,0.75,0.75,0.5
848,"G3_single_nonelderly",1,1,0.75,0.5,0.5
849,"G1_elderly_only",1,0.75,0.75,0.75,0.5
850,"G1_elderly_only",1,1,0.75,0.5,0.5
852,"G2_with_children",1,0.625,0.75,0.75,0.75
855,"G4_other",1,0.125,1,0,1
856,"G1_elderly_only",1,1,1,0.75,0.75
857,"G2_with_children",1,0.5,0.75,0.5,0.5
858,"G2_with_children",1,0.375,0.75,0.5,0.5
860,"G1_elderly_only",1,0.75,0.75,1,1
862,"G4_other",1,0.25,0.75,0.75,0.75
865,"G1_elderly_only",0,0.375,0.75,0.75,0.75
866,"G4_other",0,0.25,0.75,0.5,0.5
867,"G1_elderly_only",1,0.5,0.75,0.75,0.75
870,"G4_other",1,0.75,0.75,0.5,0.5
873,"G3_single_nonelderly",1,0.25,0.75,0.5,0.5
874,"G2_with_children",1,0.125,1,0.75,0.75
875,"G4_other",0,0.75,1,1,1
876,"G2_with_children",0,0.5,0.75,0.5,0.5
877,"G4_other",1,0.25,0.75,0.75,0.75
879,"G2_with_children",1,0.125,1,0.5,1
880,"G4_other",1,0.75,0.75,0,0
881,"G4_other",0,0.625,0.75,0.75,0.75
882,"G2_with_children",1,0.75,0.75,0.75,0.25
883,"G2_with_children",1,0.375,1,0.75,0.75
884,"G3_single_nonelderly",1,0.5,0.75,0.5,0.5
886,"G4_other",1,0.5,0.5,0.5,0.25
887,"G3_single_nonelderly",1,0.875,1,0.75,0.5
891,"G4_other",1,0.75,0.75,0.25,0.5
892,"G3_single_nonelderly",1,0.125,0.75,0.5,0.5
894,"G4_other",1,0.375,0.75,0.75,0.75
897,"G4_other",1,0.25,0.75,0.75,0.5
898,"G4_other",1,0.625,0.5,0.5,0.5
899,"G2_with_children",1,0.625,0.75,0.75,0.5
900,"G4_other",0,0.625,0,0,0
902,"G2_with_children",1,0.125,0.75,0.75,0.5
903,"G2_with_children",1,0.375,0.5,0.5,0.5
904,"G2_with_children",1,0.625,0.75,0.5,0.25
906,"G1_elderly_only",1,0.875,1,1,0.75
907,"G4_other",1,0.375,1,0.75,0.5
908,"G4_other",1,0.875,0.75,0.75,0.5
909,"G3_single_nonelderly",0,0.875,1,0.75,0.5
910,"G4_other",1,0.75,0.75,0.75,0.75
913,"G2_with_children",1,0.25,0.75,0.5,0.75
916,"G2_with_children",1,0.5,0.75,0.5,0.5
918,"G4_other",1,0.875,0.75,0.5,0.25
919,"G4_other",0,0.375,0.5,0.25,0.25
920,"G4_other",0,0.375,0.75,0.5,0.5
922,"G4_other",1,0.5,1,0.75,0.75
923,"G1_elderly_only",1,1,1,0.75,0.25
924,"G2_with_children",1,0.5,0.75,0.75,0.75
925,"G4_other",1,0.625,1,0,0.5
926,"G1_elderly_only",0,0.5,0.75,0.75,0.75
927,"G2_with_children",1,0.875,0.5,0.25,0.25
929,"G1_elderly_only",0,0.375,0.75,0.5,0.5
930,"G1_elderly_only",1,0.75,0.75,0.75,0.75
933,"G4_other",1,0.25,1,1,0.5
934,"G1_elderly_only",0,0.25,0.25,0.5,0.5
935,"G4_other",0,0.75,0.75,0.75,0.75
936,"G2_with_children",0,0.5,0.75,0.75,0.75
937,"G1_elderly_only",1,0.5,1,0.5,0.75
939,"G3_single_nonelderly",0,0.5,0.75,0.5,0.5
940,"G2_with_children",0,0.25,1,0,0.5
942,"G3_single_nonelderly",1,0.875,0.75,0.5,0.5
943,"G1_elderly_only",0,0.375,0.75,0.25,0.25
944,"G2_with_children",1,0.125,1,0.75,1
945,"G2_with_children",0,0.625,0.5,0.5,0.5
947,"G2_with_children",0,0.5,0.25,0.25,0.25
949,"G2_with_children",1,0.375,0.75,0.5,0.5
950,"G1_elderly_only",1,0.5,0.75,0.5,0.5
951,"G2_with_children",1,0.375,0.75,0.5,0.5
952,"G3_single_nonelderly",1,0.75,0.75,0.5,0
953,"G2_with_children",0,0.25,0.75,0.25,0.25
954,"G2_with_children",1,0.625,0.5,0.5,0.5
957,"G3_single_nonelderly",0,0.75,0.75,0.5,0.5
958,"G2_with_children",1,0.375,1,0.5,0.5
960,"G2_with_children",1,0.5,1,0.25,0.75
961,"G3_single_nonelderly",1,0.625,0.75,0.75,0.75
962,"G4_other",1,0.75,0.75,0.5,0.5
964,"G4_other",0,0.5,0.75,0.5,0.25
965,"G1_elderly_only",1,0.5,0.75,0.75,0.75
966,"G4_other",1,0.125,0.75,0.75,0.75
967,"G2_with_children",0,0.25,0.75,0.25,0.25
969,"G3_single_nonelderly",1,0.5,0.75,0.75,0.75
970,"G1_elderly_only",1,0.375,0.75,0.5,0.5
971,"G2_with_children",1,0.125,1,0.5,0.5
973,"G4_other",0,0.375,0.75,0.5,0.5
975,"G4_other",0,0.75,0.75,0.5,0.5
976,"G1_elderly_only",1,0.25,0.75,0.5,0.5
977,"G1_elderly_only",1,0.375,1,0.75,0.75
981,"G2_with_children",1,0.625,0.75,0.25,0.5
982,"G4_other",0,0.125,0.75,0.25,0.5
983,"G4_other",1,0.25,0.75,0.5,0.5
984,"G2_with_children",1,0.625,0.25,0.25,0.25
985,"G2_with_children",0,0.375,0.75,0.5,0.5
987,"G3_single_nonelderly",0,0.625,0.75,0.5,0.5
988,"G3_single_nonelderly",0,0.25,0.5,0.5,0.25
990,"G3_single_nonelderly",1,0.75,0.75,0.5,0.5
991,"G4_other",1,0.5,1,0,0
992,"G2_with_children",1,0.625,0.75,0.75,0.5
993,"G4_other",1,0.375,0.75,0.75,0.75
995,"G4_other",0,0,0.75,0.25,0.5
996,"G2_with_children",1,0.5,0.5,0.75,0.5
999,"G1_elderly_only",0,0.375,0.75,0.5,0.5
1001,"G2_with_children",1,0.375,0.75,0.25,0.5
1002,"G2_with_children",1,0.25,0.75,0.5,0.5
1003,"G4_other",0,0.75,0.5,0.5,0.5
1005,"G1_elderly_only",0,0.5,0.5,0.5,0.5
1006,"G2_with_children",1,0.625,0.75,0.75,0.5
1007,"G4_other",0,0.625,0.75,0.5,0.5
1009,"G2_with_children",1,0.625,1,0.5,0.75
1010,"G4_other",1,0.75,1,1,1
1011,"G3_single_nonelderly",1,0.375,0.75,0.75,0.5
1014,"G1_elderly_only",0,0.375,0.75,0.5,0.5
1015,"G2_with_children",1,0.75,1,1,1
1016,"G4_other",0,0.375,0.75,0.5,0.5
1017,"G1_elderly_only",1,0.875,1,1,0.75
1019,"G1_elderly_only",0,0.125,0.75,0.5,0.5
1020,"G2_with_children",0,0.75,1,0.5,0.75
1025,"G1_elderly_only",0,0.375,0.5,0.5,0.5
1026,"G1_elderly_only",0,0.125,0.75,0.5,0.5
1028,"G2_with_children",0,0.25,0.75,0.75,0.75
1030,"G3_single_nonelderly",1,0.5,0.75,0.75,0.5
1032,"G2_with_children",1,0.5,0.5,0.5,0.25
1033,"G1_elderly_only",1,0.5,0.75,0.5,0.5
1035,"G2_with_children",0,0.375,0.75,0.75,0.5
1039,"G1_elderly_only",1,1,1,1,1
1040,"G3_single_nonelderly",1,0.625,1,0.5,0.75
1041,"G1_elderly_only",1,0.625,0.75,0.75,0.75
1042,"G2_with_children",1,0.5,0.75,0.75,0.75
1044,"G4_other",1,0.625,0.75,0.5,0.75
1045,"G1_elderly_only",1,0.75,0.75,0.75,0.5
1048,"G2_with_children",1,0.5,0.5,0.25,0.5
1049,"G1_elderly_only",0,0.25,0.75,0.75,0.75
1051,"G3_single_nonelderly",1,0.75,0.25,0.5,0.5
1053,"G1_elderly_only",0,0.375,0.5,0.5,0.5
1054,"G1_elderly_only",0,0.375,1,0.75,0.75
1055,"G1_elderly_only",0,0.5,0.75,0.75,0.75
1056,"G1_elderly_only",0,0.375,0.25,0.25,0.25
1057,"G2_with_children",1,0.375,0.75,0.75,0.5
1058,"G1_elderly_only",0,0.125,0.75,0.5,0.5
1060,"G1_elderly_only",0,0.5,0.5,0.5,0.5
1062,"G4_other",1,0.75,1,0.5,0.5
1063,"G3_single_nonelderly",1,0.75,0.75,0.5,0.5
1064,"G2_with_children",1,0.25,0.75,0.5,0.25
1066,"G2_with_children",0,0,0.5,0.5,0.5
1069,"G2_with_children",1,0.5,0.5,0.25,0.5
1071,"G4_other",1,0.875,0.75,0.5,0.75
1073,"G3_single_nonelderly",0,0.375,0.5,0.5,0.5
1075,"G1_elderly_only",0,0.5,0.75,0.75,0.5
1076,"G1_elderly_only",1,0.75,0.75,0.5,0.5
1081,"G2_with_children",1,0.5,1,0.5,0.75
1086,"G4_other",1,0.75,0.75,0.75,0.75
1087,"G1_elderly_only",0,0.375,0.75,0.5,0.5
1088,"G1_elderly_only",0,0.25,0.75,0.75,0.75
1089,"G2_with_children",1,0.5,1,0.5,1
1090,"G1_elderly_only",1,0.875,1,0.75,0.75
1092,"G2_with_children",1,1,0.5,0.5,0.25
1094,"G4_other",1,0.5,0.75,0.75,0.75
1096,"G3_single_nonelderly",0,0.75,1,0.75,0.75
1100,"G2_with_children",0,0.5,0.75,0.5,0.5
1101,"G3_single_nonelderly",1,0.625,0.25,0.5,0.25
1102,"G1_elderly_only",1,0.25,0.75,0.75,0.75
1104,"G2_with_children",1,0.75,0.75,0.75,0.75
1105,"G1_elderly_only",1,0.875,1,0.5,0.75
1107,"G1_elderly_only",1,0,1,1,0.75
1108,"G2_with_children",1,0.5,0.75,0.75,0.5
1109,"G4_other",1,0.875,0.75,0.75,0.75
1110,"G2_with_children",1,0.625,0.75,0.5,0.75
1112,"G1_elderly_only",1,0.625,1,0.75,0.75
1113,"G2_with_children",1,0.875,0.75,0.25,0.25
1114,"G2_with_children",1,0.25,0.5,0.5,0.5
1115,"G4_other",0,0.75,1,0.5,0.75
1116,"G1_elderly_only",0,0.375,0.75,0.25,0.25
1117,"G2_with_children",1,0.375,0.75,0.5,0.5
1120,"G2_with_children",1,0.25,1,1,1
1122,"G2_with_children",0,0.5,0.75,0.75,0.5
1123,"G4_other",1,0.875,1,0.5,0.5
1124,"G2_with_children",1,0.375,1,0.75,0.75
1125,"G1_elderly_only",0,0.25,0.75,0.75,0.75
1127,"G2_with_children",1,0.75,0.5,0.75,0.5
1128,"G2_with_children",1,0.75,0.75,1,0.75
1130,"G2_with_children",1,0.125,0.75,0.75,0.75
1132,"G4_other",0,0.5,0.5,0.5,0.5
1133,"G2_with_children",0,0.375,0.75,0.25,0.25
1135,"G2_with_children",1,0.125,0.5,0.5,0.5
1136,"G1_elderly_only",1,0.75,0.75,1,1
1137,"G4_other",1,0.375,0.75,0.5,0.5
1138,"G4_other",1,0.375,1,0.75,0.5
1139,"G1_elderly_only",1,0.75,1,1,0.75
1140,"G1_elderly_only",1,0.5,1,0.75,0.75
1143,"G4_other",1,0.5,0,0.5,0.25
1145,"G2_with_children",0,0.125,0.75,0.25,0.25
1146,"G1_elderly_only",1,0.375,0.75,0.5,0.5
1147,"G4_other",1,0.5,0.75,0.5,0.5
1148,"G1_elderly_only",1,0.375,0.75,0.5,0.75
1150,"G3_single_nonelderly",0,0.5,0.75,0.5,0.75
1152,"G1_elderly_only",1,0.75,0.75,0.75,0.5
1155,"G4_other",1,0.5,0.75,0.5,0.5
1156,"G3_single_nonelderly",1,0.75,0.75,0.5,0.5
1158,"G4_other",1,0.875,0.75,0.5,0.5
1159,"G1_elderly_only",1,0.625,0.75,0.75,0.75
1160,"G4_other",1,0.375,0.75,0.5,0.5
1161,"G4_other",1,0.75,0.75,0.5,0.75
1162,"G1_elderly_only",1,1,0.75,0.5,0.5
1163,"G1_elderly_only",1,0,0.75,0.75,0.75
1164,"G2_with_children",1,0.5,0.5,0.5,0.5
1165,"G4_other",1,0.625,0.75,0.75,0.75
1168,"G2_with_children",0,0.25,0.75,0.25,0.5
1169,"G1_elderly_only",1,0.25,0.75,0.5,0.5
1170,"G3_single_nonelderly",1,0.5,0.75,0.5,0.5
1171,"G2_with_children",1,0.875,0.75,0.75,0.75
1172,"G4_other",1,0.625,0.5,0.5,0.5
1173,"G3_single_nonelderly",1,0.75,1,0.5,0.5
1174,"G3_single_nonelderly",1,0.5,0,0,0
1176,"G4_other",1,0.625,0.75,0.75,0.5
1177,"G4_other",1,0.625,0.5,0.5,0.5
1178,"G4_other",1,0.375,0.75,0.25,0
1180,"G1_elderly_only",0,0,0.75,0.75,0.75
1182,"G1_elderly_only",1,0.375,0.75,0.75,0.5
1185,"G4_other",0,0.25,0.75,0.5,0.5
1186,"G4_other",0,0.5,1,0.75,0.25
1187,"G2_with_children",1,0.625,0.75,0.75,0.75
1188,"G3_single_nonelderly",1,0.5,1,0.5,0.5
1189,"G4_other",1,0.625,1,0.75,0.5
1190,"G1_elderly_only",1,0.75,0.75,0.5,0.5
1194,"G1_elderly_only",1,0.25,0.75,0.75,0.75
1195,"G4_other",1,0.625,0.75,0.75,0.75
1196,"G1_elderly_only",1,0.5,0.75,0.5,0.5
1197,"G4_other",0,0.25,0.5,0.5,0
1199,"G2_with_children",1,0.75,0.5,0.5,0.5
1200,"G4_other",1,0.5,0.75,0.75,0.75
1202,"G4_other",1,0.375,1,0.75,0.75
1203,"G2_with_children",1,0.5,0.75,0.75,0.5
1204,"G1_elderly_only",1,0.25,1,1,1
1206,"G2_with_children",1,0.625,0.75,0.75,0.75
1208,"G2_with_children",1,0.25,0.75,0.25,0.25
1210,"G1_elderly_only",1,0.75,0.75,0.75,0.5
1213,"G4_other",1,0.375,0.75,0.5,0.5
1215,"G4_other",1,0,0.25,0.25,0.25
1216,"G3_single_nonelderly",1,0.125,0.75,0.5,0.75
1218,"G4_other",0,0.5,0.5,0.25,0.25
1220,"G2_with_children",1,0.25,0.75,0.75,0.5
1221,"G2_with_children",1,0.625,1,1,1
1223,"G1_elderly_only",1,0.375,0.75,0.5,0.5
1226,"G1_elderly_only",1,0.5,0.25,0.5,0.25
1227,"G1_elderly_only",0,0.5,0.75,0.75,0.75
1228,"G2_with_children",1,1,0.25,0.25,0
1230,"G1_elderly_only",1,0.375,1,1,0.75
1231,"G1_elderly_only",1,0.625,1,0.5,0.75
1235,"G2_with_children",1,0,0.75,0.75,0.75
1236,"G4_other",1,0.75,0.75,0.25,0.5
1237,"G4_other",1,0.5,0.5,0.25,0
1241,"G1_elderly_only",1,0.625,0.75,0.25,0.25
1242,"G2_with_children",1,0.5,0,0.25,0.25
1243,"G1_elderly_only",0,0.75,0.75,0.5,0.75
1245,"G2_with_children",1,0.75,0.25,0.5,0.5
1246,"G2_with_children",1,0.625,0.75,0.25,0.5
1247,"G3_single_nonelderly",1,0.875,0.75,0.5,0.5
1248,"G4_other",1,0.625,0.25,0.5,0.25
1251,"G4_other",0,0.625,0.75,0.75,0.5
1253,"G2_with_children",1,0.5,1,0.75,0.75
1259,"G4_other",1,0.75,0.75,0.5,0.5
1263,"G1_elderly_only",1,0.75,1,0.75,0.75
1264,"G1_elderly_only",1,0.375,0.5,0.5,0.25
1268,"G2_with_children",1,0,0.75,0.25,0.75
1270,"G1_elderly_only",0,0.5,0.75,0.5,0.5
1271,"G4_other",1,0.25,1,0.75,0.75
1273,"G1_elderly_only",1,0.125,1,0.5,0.75
1274,"G4_other",1,0.5,0.75,0.5,0.75
1275,"G1_elderly_only",1,0.25,0.75,0.75,0.75
1276,"G4_other",0,0.5,1,0.5,0.75
1277,"G2_with_children",0,1,1,1,1
1279,"G2_with_children",0,0.625,1,0.75,0.75
1282,"G1_elderly_only",0,0.125,0.75,0.75,0.75
1286,"G1_elderly_only",0,0.75,0.75,0.75,0.25
1290,"G2_with_children",0,0.5,0.75,0.75,0.75
1293,"G4_other",0,0,0.5,0.5,0.5
1294,"G2_with_children",0,0.625,1,0.75,1
1295,"G1_elderly_only",1,0.25,0.75,0.5,0.5
1300,"G1_elderly_only",1,0.25,1,0.75,0.75
1304,"G2_with_children",0,0.375,0.75,0.25,0.75
1305,"G1_elderly_only",0,0,0.5,0.5,0.5
1307,"G4_other",1,0.25,1,0.75,0.75
1310,"G2_with_children",1,0.25,0.5,0.5,0.25
1311,"G2_with_children",0,0.25,0.25,0.5,0.25
1312,"G1_elderly_only",1,0.25,0.75,0.75,0.5
1313,"G3_single_nonelderly",1,1,1,0.5,0.5
1314,"G1_elderly_only",1,0.25,0.5,0.5,0.5
1315,"G4_other",0,0.625,0.25,0,0.25
1317,"G2_with_children",1,0.375,0.5,0.5,0.75
1318,"G1_elderly_only",0,0.375,0.75,0.75,0.75
1320,"G1_elderly_only",1,0.375,0.75,0,0.25
1321,"G4_other",1,0.625,0.25,0.5,0.5
1323,"G2_with_children",1,0.25,0.75,0.5,0.5
1324,"G4_other",1,0.625,0.75,0.5,0.5
1325,"G1_elderly_only",1,0.375,0.5,0.25,0.5
1326,"G1_elderly_only",1,0.25,0.75,0,0.25
1327,"G4_other",1,0.5,1,0.75,0.75
1328,"G2_with_children",1,0.25,0.75,0.5,0.75
1329,"G2_with_children",1,0.5,0.75,0.5,0.5
1331,"G4_other",1,0.625,1,0.25,0.25
1334,"G1_elderly_only",0,0.125,1,0.75,0.75
1335,"G2_with_children",1,0.625,0.75,0.75,0.75
1339,"G1_elderly_only",1,0.5,0,0.5,0.5
1340,"G1_elderly_only",1,0.5,0.5,0.5,0.5
1341,"G2_with_children",1,0.75,0.75,0.5,0.75
1342,"G1_elderly_only",1,0.5,0.75,0.25,0.5
1343,"G4_other",1,0.25,0.75,0.5,0.75
1344,"G4_other",0,0.375,1,1,1
1346,"G4_other",1,1,0.75,0.75,0.75
1349,"G2_with_children",1,0.25,0.75,0.5,0.75
1350,"G2_with_children",1,0.5,0.75,0.75,0.75
1351,"G1_elderly_only",0,0.5,0.75,0.75,0.75
1354,"G1_elderly_only",1,0.625,0.75,0.5,0.25
1355,"G1_elderly_only",1,1,1,0.5,0.5
1357,"G4_other",1,0.625,0.75,0,0
1358,"G2_with_children",1,0.625,1,0.75,0.5
1360,"G2_with_children",1,0.875,1,0.5,0.5
1361,"G4_other",1,0.5,0.75,0.75,0.75
1362,"G4_other",1,0.875,1,0.5,0.5
1363,"G4_other",1,0.625,1,0.5,0.5
1364,"G2_with_children",0,0.25,0.75,0.5,0.5
1365,"G2_with_children",1,0.5,0.75,0.5,0.75
1366,"G4_other",0,0.25,0.5,0.5,0.75
1367,"G4_other",1,0.5,0.75,0.75,0.75
1369,"G4_other",1,0.5,1,0.25,0.5
1373,"G2_with_children",1,0.5,0.5,0.5,0.5
1374,"G2_with_children",0,0.75,1,0.75,0.75
1375,"G2_with_children",1,0.375,0.5,0.5,0.5
1376,"G3_single_nonelderly",1,0.375,0.5,0.5,0.5
1377,"G3_single_nonelderly",0,0.5,0.75,0.5,0.5
1379,"G2_with_children",1,0.375,1,0.5,0.75
1380,"G1_elderly_only",1,1,0.75,0.5,0.5
1381,"G4_other",1,0.375,0.75,0.5,0.5
1383,"G4_other",0,0.25,0.75,0.25,0.25
1387,"G1_elderly_only",1,0.75,0.5,0.5,0.5
1388,"G2_with_children",1,0.5,0.75,0.5,0.5
1390,"G4_other",0,0.25,0.75,0.75,0.75
1391,"G3_single_nonelderly",1,0.375,0.75,0.25,0.25
1393,"G2_with_children",0,0.75,0.5,0.5,0.75
1394,"G2_with_children",1,0.375,1,0.5,0.5
1396,"G2_with_children",1,0.875,1,0.75,0.75
1397,"G1_elderly_only",0,0.75,0.75,0.5,0.5
1398,"G3_single_nonelderly",1,0.75,0.75,0.5,0.5
1400,"G2_with_children",1,0.5,1,0.25,0.75
1401,"G1_elderly_only",0,0.5,0.75,0.75,0.75
1402,"G3_single_nonelderly",0,0.25,0.5,0.5,0.5
1403,"G2_with_children",1,0.375,0.75,0.5,0.5
1404,"G3_single_nonelderly",0,0.125,0.75,0.5,0.5
1405,"G2_with_children",1,0.75,0.75,0.5,0.75
1406,"G4_other",0,0.125,0.75,0.75,0.75
1407,"G2_with_children",1,0.5,0.25,0.75,0.5
1408,"G1_elderly_only",1,1,0.75,0.25,0.5
1410,"G4_other",1,0.875,1,0.5,1
1411,"G4_other",0,0.125,0.75,0.75,0.5
1412,"G2_with_children",1,0.625,0.75,0.75,0.75
1414,"G4_other",1,0.625,0.75,0.5,0.5
1415,"G1_elderly_only",1,0.375,0.75,0.5,0.5
1416,"G4_other",1,0.75,0.75,0.25,0.25
1417,"G2_with_children",1,0.5,0.75,0.75,0.5
1418,"G3_single_nonelderly",1,0.125,1,1,1
1424,"G2_with_children",1,0.375,1,0.75,1
1425,"G2_with_children",1,0.5,0.75,0.75,0.75
1426,"G3_single_nonelderly",1,0.125,0.75,0.75,0.75
1427,"G3_single_nonelderly",1,0.625,0.75,0.75,0.75
1429,"G4_other",0,0,0.75,0.5,0.75
1431,"G3_single_nonelderly",1,0.5,0.75,0.5,0.5
1432,"G4_other",0,0.5,0.75,0.5,0.5
1433,"G3_single_nonelderly",1,1,1,0.25,0
1434,"G4_other",1,0.75,1,0.75,0.75
1435,"G2_with_children",1,0.5,1,0.5,0.5
1440,"G1_elderly_only",1,0.25,0.25,0,0.25
1443,"G3_single_nonelderly",1,0.75,0.75,0.5,0.5
1446,"G1_elderly_only",1,0.25,0.75,0.5,0.25
1449,"G1_elderly_only",1,0.625,1,0.75,0.75
1452,"G3_single_nonelderly",1,0.5,0.5,0.5,0.5
1453,"G2_with_children",1,0.875,0.75,0.25,0.75
1458,"G1_elderly_only",0,0.5,0.5,0.5,0.5
1460,"G2_with_children",0,0.625,0.5,0.25,0.25
1461,"G2_with_children",1,0.875,1,0.75,0.75
1463,"G4_other",1,0.875,0.75,0.5,0.75
1465,"G1_elderly_only",1,0.5,0.75,0.75,0.5
1467,"G1_elderly_only",1,0.75,0.75,0.5,0.5
1468,"G1_elderly_only",0,0.375,0.75,0.5,0.5
1469,"G1_elderly_only",1,0.625,1,0.75,0.75
1470,"G4_other",1,0.25,0.75,0.25,0.5
1472,"G2_with_children",1,0.875,0.75,0.5,0.5
1473,"G4_other",1,0,0.75,0.5,0.5
1474,"G4_other",1,0.5,0.75,0.5,0.75
1478,"G2_with_children",1,0.25,0.5,0.75,0.5
1479,"G1_elderly_only",1,0.125,0.75,0.75,0.75
1481,"G1_elderly_only",1,0.75,0.75,0.75,0.75
1484,"G2_with_children",0,0,1,0.5,0.5
1485,"G4_other",1,1,0.5,0.5,0.5
1488,"G2_with_children",1,0.625,0.75,0.75,0.5
1489,"G4_other",1,0.75,0.75,0.75,0.75
1490,"G4_other",1,0.375,0.75,0.25,0.75
1491,"G2_with_children",0,0.375,0.75,0.5,0.5
1492,"G4_other",0,0.375,0.5,0.25,0.25
1493,"G2_with_children",0,1,1,0.75,0.5
1494,"G2_with_children",0,0.375,1,0.5,0.5
1495,"G3_single_nonelderly",1,0.75,0.75,0.75,0.75
1496,"G2_with_children",1,0.75,1,0.25,0.5
1497,"G3_single_nonelderly",1,0.375,0.75,0.5,0.5
1498,"G2_with_children",1,0.5,0.75,0.5,0.5
1499,"G4_other",1,1,1,0.75,1
1501,"G2_with_children",0,0,1,0.75,0.75
1502,"G2_with_children",1,0.5,0.75,0.5,0.75
1504,"G2_with_children",1,0.5,0.75,0.5,0.25
1506,"G1_elderly_only",0,0.875,1,0.5,0.75
1507,"G4_other",0,0.25,0.5,0.5,0.5
1508,"G4_other",1,0.625,0.75,0.5,0.75
1509,"G4_other",0,0.375,0.75,0.5,0.25
1510,"G4_other",1,0.625,0.75,0.75,0.75
1511,"G3_single_nonelderly",1,0,0.75,0.75,0.75
1513,"G1_elderly_only",1,1,0.75,0.75,0.75
1514,"G2_with_children",0,0.125,0.75,0.5,0.5
1516,"G2_with_children",1,0.375,0.75,0.75,0.75
1519,"G2_with_children",0,0.25,0.75,0.25,0.5
1521,"G3_single_nonelderly",1,0.125,0.25,0.25,0.25
1524,"G1_elderly_only",1,0.75,0.75,0.25,0.75
1526,"G4_other",1,0.25,1,1,1
1530,"G1_elderly_only",1,0.25,0.75,0.5,0.5
1531,"G3_single_nonelderly",0,0.25,0.75,0.75,0.5
1532,"G3_single_nonelderly",1,0.625,1,0.75,0.5
1534,"G4_other",1,0.25,0.75,0.5,0.5
1535,"G2_with_children",1,0.625,1,0.75,0.75
1539,"G4_other",0,0,0.75,0.75,0.5
1540,"G4_other",1,0.375,0.75,0.5,0.5
1542,"G4_other",0,0.5,0.75,0.75,0.5
1543,"G2_with_children",1,0.625,1,0.5,0.5
1544,"G4_other",1,0.875,0.75,0.75,0.75
1545,"G3_single_nonelderly",1,0.625,1,0.5,0.5
1547,"G4_other",1,0.875,1,0.5,0.5
1548,"G1_elderly_only",1,0.625,0.75,0.5,0.5
1550,"G2_with_children",1,0.5,1,0.5,0.5
1552,"G2_with_children",1,1,1,0.75,0.75
1554,"G1_elderly_only",0,0.75,0.75,0.5,0.5
1555,"G4_other",1,0.625,0.75,0.5,0.5
1558,"G4_other",1,0.375,0.75,0.5,0.5
1562,"G1_elderly_only",1,0.75,0.75,0.5,0.75
1563,"G4_other",1,0.875,1,0.5,0.5
1564,"G3_single_nonelderly",1,0.625,0.75,0.5,0.5
1566,"G1_elderly_only",1,0.5,0.5,0.5,0.25
1567,"G4_other",0,0.375,0.75,0.5,0.5
1574,"G3_single_nonelderly",0,0.25,0.75,0.25,0.25
1575,"G1_elderly_only",0,0.375,0.75,0.75,0.75
1576,"G4_other",1,0.25,1,1,0.5
1577,"G2_with_children",1,0.5,0.75,0.75,0.75
1578,"G2_with_children",1,1,0.75,0,0
1583,"G4_other",1,0.5,0.5,0.5,0.5
1584,"G1_elderly_only",0,0.375,0.75,0.5,0.5
1585,"G4_other",1,0.25,1,0.25,0.75
1586,"G4_other",1,0.5,0.75,0.75,0.75
1589,"G2_with_children",1,0.75,0.75,0.5,0.5
1591,"G1_elderly_only",1,0.625,0.75,0.5,0.75
1592,"G1_elderly_only",1,0.625,0.75,0.75,0.75
1593,"G2_with_children",1,0.875,1,0.25,0.25
1595,"G1_elderly_only",1,0.5,1,0.5,0.75
1596,"G1_elderly_only",1,0.375,0.5,0.25,0.25
1598,"G2_with_children",1,0.375,1,1,1
1600,"G1_elderly_only",1,0.375,0.5,0.5,0.75
1601,"G2_with_children",1,0.375,0.75,0.75,0.75
1602,"G2_with_children",1,0.25,0.75,0.75,0.75
1603,"G1_elderly_only",1,1,1,0.75,0.75
1604,"G4_other",1,0.375,0.75,0.75,0.75
1605,"G2_with_children",1,0.375,0.75,0.75,0.5
1606,"G4_other",0,0.125,0.75,0.5,0.25
1607,"G2_with_children",1,0.625,0.75,0.5,0.25
1608,"G2_with_children",1,0.25,0.5,0.5,0.5
1609,"G2_with_children",1,0.125,0.75,0.75,0.75
1610,"G2_with_children",1,0.25,0.75,1,0.75
1611,"G1_elderly_only",1,0.75,1,0.75,0.75
1612,"G2_with_children",0,0.5,0.75,0.5,0.5
1614,"G1_elderly_only",1,0.5,0.75,0.75,0.5
1615,"G3_single_nonelderly",1,0.625,0.75,0.5,0.75
1616,"G2_with_children",0,0.125,0.5,0.5,0.5
1617,"G1_elderly_only",0,0.375,1,0.5,0.75
1618,"G2_with_children",1,0.25,1,0.75,0.75
1619,"G1_elderly_only",1,0,1,0.75,0.75
1620,"G4_other",1,1,1,0.75,0.5
1621,"G4_other",0,0.375,0.5,0.5,0.5
1622,"G4_other",0,0.125,0.75,0.75,0.5
1624,"G3_single_nonelderly",1,0,0.5,0.25,0.75
1626,"G2_with_children",1,0.5,0.75,0.5,0.5
1627,"G1_elderly_only",1,0.25,1,1,1
1628,"G2_with_children",1,0.75,0.75,0.5,0.5
1629,"G1_elderly_only",1,0.75,1,0.75,0.75
1630,"G2_with_children",1,0.5,0.5,0.5,0.5
1631,"G2_with_children",1,0.375,0.75,0.5,0.75
1633,"G2_with_children",0,0.625,0.75,0.5,0.75
1638,"G1_elderly_only",1,0.75,0,0,0
1641,"G1_elderly_only",1,0.25,0.5,0.25,0.25
1642,"G3_single_nonelderly",1,0.5,0.5,0.5,0.5
1644,"G3_single_nonelderly",1,0,0,0,0
1646,"G2_with_children",1,0.375,0.75,0.25,0.25
1647,"G1_elderly_only",0,0.625,0.75,0.5,0.75
1649,"G1_elderly_only",1,0.75,0.75,0.5,0.5
1651,"G2_with_children",0,0.5,1,0.25,0.75
1652,"G4_other",1,0.625,0.75,0.75,0.75
1653,"G2_with_children",1,0.25,0.75,0.75,0.75
1654,"G2_with_children",1,0.625,0.5,0.5,0.5
1656,"G1_elderly_only",1,0.625,0.75,0.75,0.75
1660,"G1_elderly_only",1,0.5,0.75,0.75,0.5
1663,"G1_elderly_only",0,0.25,0.75,0.5,0.5
1665,"G1_elderly_only",1,0.625,1,0.5,0.75
1666,"G4_other",1,0.625,0.75,0.75,0.75
1667,"G3_single_nonelderly",1,0.5,0.75,0.5,0.5
1668,"G4_other",1,1,0.5,0.5,0.5
1671,"G4_other",1,0.75,0.75,0.75,0.75
1672,"G2_with_children",0,0,0.75,0.75,0.75
1674,"G2_with_children",1,0.625,0.5,0.75,0.5
1676,"G1_elderly_only",1,0.75,0.75,0.75,0.75
1677,"G4_other",1,0.375,0.75,0.5,0.5
1679,"G2_with_children",1,0.625,0.75,0,1
1683,"G3_single_nonelderly",0,0.25,0.75,0.5,0.5
1684,"G2_with_children",1,0.25,0.75,0.75,0.5
1687,"G2_with_children",1,0.625,0.75,0.5,0.5
1688,"G4_other",0,0.375,0.75,0.25,0.5
1690,"G4_other",1,0.375,0.5,0.5,0.75
1691,"G2_with_children",1,0.25,1,0.5,0.75
1693,"G2_with_children",1,1,1,1,1
1696,"G4_other",1,0.25,0.75,0.75,0.75
1697,"G1_elderly_only",1,0,0.75,0.75,0.75
1698,"G3_single_nonelderly",0,0.125,0.75,0.75,0.75
1701,"G4_other",1,0.5,1,0.5,0.5
1702,"G2_with_children",0,0,0.5,0.5,0.5
1706,"G2_with_children",1,0.625,0.75,0.25,0.5
1709,"G4_other",1,0.5,0.75,0.75,0.75
1710,"G1_elderly_only",1,0.125,0.75,0.75,0.75
1711,"G3_single_nonelderly",0,0.75,0.75,0.5,0
1712,"G3_single_nonelderly",1,0.375,0.25,0,0.5
1713,"G3_single_nonelderly",1,0.125,0,0,0
1714,"G4_other",1,1,0.75,0.75,0.75
1718,"G4_other",0,0.5,0.75,0.5,0.5
1719,"G1_elderly_only",0,0,0.5,0.5,0.25
1720,"G3_single_nonelderly",1,0.375,0.75,0.5,0.75
1721,"G2_with_children",1,0.5,0.75,0.5,0.75
1722,"G2_with_children",1,0,1,0.5,0.5
1723,"G1_elderly_only",1,1,0.5,0.25,0.5
1725,"G2_with_children",0,0.625,0.75,0.25,0.25
1726,"G3_single_nonelderly",0,0.25,0.75,0.75,0.5
1727,"G4_other",1,0.25,0.75,0.75,0.75
1728,"G1_elderly_only",1,0.375,0.75,0.75,0.75
1729,"G3_single_nonelderly",0,0.625,1,0.75,0.5
1730,"G1_elderly_only",0,0.25,1,1,0.5
1731,"G4_other",1,1,1,0.25,0.5
1732,"G2_with_children",1,0.625,0.75,0.5,0.5
1734,"G1_elderly_only",0,0.5,0.75,0.75,0.75
1735,"G4_other",1,0.125,0.75,0.25,0.75
1736,"G2_with_children",1,0.625,1,0.25,0.25
1737,"G4_other",0,0.875,0.75,0,0.5
1738,"G4_other",1,0.125,0.75,0.25,0.5
1742,"G1_elderly_only",1,0.375,0.75,0.75,0.75
1744,"G2_with_children",1,0.75,0.75,0.75,0.75
1745,"G3_single_nonelderly",1,0.625,0.75,0.25,0.5
1746,"G4_other",1,0.5,0.75,0.5,0.5
1751,"G4_other",1,0.625,0.75,0.5,0.75
1753,"G1_elderly_only",1,0.5,0.75,0.75,0.75
1755,"G4_other",1,0.625,0.75,0.5,0.5
1758,"G4_other",0,0.375,0.5,0.5,0.25
1760,"G1_elderly_only",1,0,0.75,0.75,0.75
1761,"G1_elderly_only",1,1,1,0.25,0.75
1762,"G2_with_children",1,0.75,0.75,0.75,0.5
1763,"G2_with_children",0,0.25,0.5,0.5,0.5
1764,"G1_elderly_only",1,0.375,0.75,0.5,0.75
1766,"G2_with_children",1,0.375,0.75,0.25,0.25
1767,"G2_with_children",1,1,0.75,0.25,0.75
1768,"G2_with_children",1,0.125,0.75,0.5,0.5
1771,"G2_with_children",1,0,1,0.5,0.5
1774,"G2_with_children",0,0.75,0.75,0.75,0.75
1776,"G4_other",1,0.5,0.75,0.75,0.25
1778,"G2_with_children",0,0.125,0.75,0.5,0.5
1779,"G1_elderly_only",1,0.25,0.75,0.5,0.5
1780,"G2_with_children",1,0.375,0.75,0.75,0.75
1781,"G2_with_children",1,0.625,1,0.5,0.75
1786,"G1_elderly_only",1,1,0.75,0.5,0.5
1788,"G1_elderly_only",1,0.75,0.75,0.75,0.75
1790,"G1_elderly_only",1,0.75,0.75,0.75,0.75
1791,"G4_other",0,0.5,0.5,0.25,0.5
1792,"G1_elderly_only",1,0.75,0.75,0.75,0.5
1793,"G1_elderly_only",1,0,0.75,0.5,0.5
1795,"G2_with_children",0,0.25,0.5,0.5,0.5
1798,"G1_elderly_only",1,1,0.75,0.75,0.5
1799,"G1_elderly_only",0,0,1,0.75,1
1801,"G3_single_nonelderly",0,0.375,1,0.5,0.75
1802,"G4_other",1,0.5,0.75,0.75,0.75
1803,"G1_elderly_only",0,0.5,0.75,0.25,0.5
1804,"G4_other",1,0.5,1,0.75,0.75
1809,"G1_elderly_only",1,0.5,0.75,0.5,0.75
1810,"G2_with_children",1,0.5,0.5,0.5,0.5
1814,"G1_elderly_only",1,0.25,1,0.75,0.75
1816,"G1_elderly_only",1,1,0.75,0.75,0.75
1817,"G2_with_children",1,0.25,0.75,0.5,0.5
1818,"G4_other",0,1,1,0.75,0.75
1821,"G1_elderly_only",1,0.5,1,0.75,0.75
1822,"G1_elderly_only",0,0.25,0.75,0.75,0.25
1823,"G1_elderly_only",1,0.75,0.75,0.75,0.75
1826,"G2_with_children",1,0.625,1,1,0.75
1828,"G4_other",1,0.75,0.75,0.75,0.5
1829,"G1_elderly_only",1,0.5,0.75,0.75,0.75
1831,"G2_with_children",0,0.375,0.75,0.5,0.25
1832,"G1_elderly_only",0,0.5,0.75,0.75,0.5
1833,"G2_with_children",1,0.625,0.25,0.25,0.25
1835,"G2_with_children",0,0.75,0.75,0.75,0.75
1836,"G1_elderly_only",0,0.125,0.75,0.75,0.5
1838,"G1_elderly_only",1,0.375,0.75,0.25,0.5
1839,"G1_elderly_only",1,0.75,0.75,0.75,0.75
1843,"G2_with_children",1,1,0.75,0.75,0.25
1844,"G2_with_children",1,0.625,1,0.75,0.75
1845,"G3_single_nonelderly",1,0.5,0.75,0.75,0.5
1849,"G1_elderly_only",0,0.375,0.75,0.75,0.75
1850,"G2_with_children",1,0.625,0.75,0.5,0.5
1851,"G4_other",0,1,1,0.75,0.75
1853,"G2_with_children",1,1,0.75,0.5,0.5
1858,"G1_elderly_only",1,0.875,0.75,0.75,0.75
1864,"G4_other",1,0.875,1,0.75,1
1865,"G2_with_children",1,0.75,0.75,0.5,0.5
1866,"G4_other",1,0.625,0.75,0.75,0.5
1869,"G4_other",1,0.5,1,0.25,0.5
1871,"G3_single_nonelderly",1,1,0.5,0.25,0.75
1875,"G2_with_children",0,0.125,0.75,0.5,0.5
1876,"G1_elderly_only",1,0.875,1,0.75,0.75
1877,"G3_single_nonelderly",1,0.875,0.75,0.75,0.75
1878,"G2_with_children",1,0.75,0.75,0.75,0.75
1881,"G1_elderly_only",0,0.25,0.75,0.5,0.75
1882,"G2_with_children",1,0.25,0.75,0.5,0.5
1884,"G3_single_nonelderly",1,0.75,0.75,0.75,0.5
1885,"G4_other",0,0.125,1,0.5,0.5
1887,"G4_other",1,0.875,1,0.75,0.75
1888,"G1_elderly_only",1,0.375,0.75,0.75,0.75
1889,"G2_with_children",1,0.625,0.75,0.5,0.5
1890,"G4_other",1,0.875,0.75,0.75,0.5
1893,"G4_other",1,0.25,0.75,0.75,0.5
1894,"G1_elderly_only",1,0.375,0.75,0.5,0.75
1897,"G2_with_children",1,0.625,0.75,0.75,1
1898,"G1_elderly_only",1,0.375,1,0.75,0.75
1899,"G2_with_children",1,0.625,0.75,0.5,0.75
1901,"G4_other",1,0.25,0.75,0.25,0.5
1902,"G3_single_nonelderly",1,0.5,0.75,0.5,0.5
1906,"G4_other",1,0.75,0.75,0.75,0.75
1907,"G2_with_children",1,0.5,1,0.75,0.75
1908,"G4_other",0,0.625,0.75,0.5,0.5
1909,"G4_other",1,0.375,0.75,0.5,0.5
1912,"G4_other",1,0.5,0.75,0.5,0.75
1914,"G2_with_children",1,0.5,1,0.75,1
1915,"G1_elderly_only",0,0.5,0.75,0.25,0.25
1917,"G1_elderly_only",1,0.25,0.75,0.75,0.5
1921,"G4_other",0,0.125,1,0.5,0.25
1922,"G4_other",1,1,1,0.5,0.5
1924,"G2_with_children",1,0.75,0.75,1,1
1926,"G1_elderly_only",0,0.75,0.75,0.75,0.5
1927,"G1_elderly_only",1,0.25,1,0.75,0.75
1928,"G3_single_nonelderly",1,1,1,0.25,0.5
1929,"G4_other",1,1,0.75,0.5,0.5
1930,"G1_elderly_only",0,0.625,0.75,0.25,0.75
1931,"G4_other",0,0.25,1,0.25,0.5
1932,"G1_elderly_only",1,0.375,0.25,1,0.75
1933,"G2_with_children",0,0.75,0.75,0.5,0.5
1935,"G2_with_children",1,0.625,0.5,0.5,0.5
1936,"G3_single_nonelderly",1,0.625,0.75,0.5,0.5
1938,"G1_elderly_only",1,0.625,0.75,0.75,0.75
1939,"G2_with_children",1,0.625,1,0.25,0
1943,"G1_elderly_only",1,0.375,0.75,0.5,0.75
1945,"G2_with_children",1,0.125,0.75,0.5,0.5
1946,"G4_other",1,0.375,0.75,0.5,0.5
1947,"G2_with_children",1,0.625,0.75,0.5,0.5
1948,"G2_with_children",0,0.375,0.5,0.5,0.25
1949,"G2_with_children",1,0.5,0.75,0.75,0.75
1952,"G1_elderly_only",1,0.375,0.75,0.75,0.75
1953,"G1_elderly_only",0,0.25,0.75,0.5,0.5
1954,"G1_elderly_only",1,0.875,0.75,0.75,0.75
1955,"G2_with_children",1,0.25,0.75,0.5,0.75
1959,"G4_other",1,1,1,0,0.5
1961,"G2_with_children",1,0.25,0.25,0.25,0.25
1963,"G2_with_children",1,0.75,0.75,0.5,0.5
1965,"G2_with_children",0,0.5,0.75,0.5,0.5
1966,"G2_with_children",1,0.125,0.75,0.75,0.25
1970,"G4_other",0,0.5,0.75,0.5,0.5
1972,"G2_with_children",0,0.375,0.75,0.5,0.75
1973,"G3_single_nonelderly",0,0.5,0.75,0.5,0.75
1974,"G1_elderly_only",0,0.25,0.75,0.75,0.5
1975,"G3_single_nonelderly",0,0.125,0.75,0.75,0.75
1976,"G4_other",1,0.75,0.75,0.25,0.5
1978,"G4_other",1,0.5,0.75,0.75,0.75
1979,"G4_other",1,0.375,0.75,0.5,0.75
1982,"G3_single_nonelderly",1,0.375,0.5,0.5,0.25
1984,"G3_single_nonelderly",1,0.75,0.5,0.5,0.5
1986,"G4_other",0,0.5,0.5,0.25,0.5
1988,"G3_single_nonelderly",1,0.625,0.75,0.25,0.25
1989,"G4_other",1,0.5,1,0.75,0.75
1991,"G4_other",1,1,0.75,0.5,0.5
1992,"G4_other",1,0.375,0.75,0.75,0.75
1994,"G2_with_children",1,0.875,1,0.25,0.5
1996,"G3_single_nonelderly",1,0.5,0.75,0.75,0.5
1997,"G3_single_nonelderly",0,0.75,0.75,0.5,0.75
2000,"G2_with_children",1,0.625,0.25,0.5,0.25
2001,"G3_single_nonelderly",1,0.625,0.75,0.5,0.5
2002,"G1_elderly_only",1,1,0.5,0.5,0.5
2003,"G1_elderly_only",1,0.625,0.5,0.5,0.5
2005,"G2_with_children",1,0.375,0.75,0.25,0.5
2006,"G1_elderly_only",1,0.25,0.75,0.75,0.75
2010,"G2_with_children",1,0.5,0.75,0.5,0.75
2012,"G1_elderly_only",0,0.5,0.5,0.5,0.5
2013,"G1_elderly_only",1,0.75,0.75,0.75,0.75
2015,"G1_elderly_only",1,0,1,1,0.5
2016,"G2_with_children",1,0,1,0.75,0.75
2017,"G2_with_children",1,0.5,0.75,0.75,1
2018,"G2_with_children",0,0.125,0,0,0
2019,"G2_with_children",1,0.375,0.75,0.75,0.75
2021,"G2_with_children",1,0.375,0.25,0.25,0.25
2022,"G2_with_children",1,0.625,0.75,0.5,0.75
2027,"G1_elderly_only",1,0.625,1,0.5,0.75
2031,"G2_with_children",0,0.625,0.75,0.75,0.5
2034,"G4_other",1,0,1,0.75,0.75
2035,"G1_elderly_only",0,0,0.75,0.5,0.5
2038,"G1_elderly_only",0,0.5,1,0.75,0.75
2039,"G2_with_children",1,0.125,0.75,0.75,0.5
2041,"G2_with_children",1,0.375,0.75,0.75,0.5
2045,"G4_other",1,0.125,0.75,0.75,0.75
2048,"G1_elderly_only",0,0.25,0.25,0.5,0.5
2050,"G4_other",1,0.875,0.75,0.5,0.5
2051,"G2_with_children",1,0.875,0.75,0.5,0.5
2052,"G1_elderly_only",1,0.75,0.75,0.75,0.5
2054,"G2_with_children",1,0.25,0.75,0.75,0.75
2056,"G2_with_children",1,0.625,1,0.75,0.5
2057,"G4_other",1,0.75,1,0.5,0.5
2058,"G2_with_children",1,0.375,1,0.25,0.75
2060,"G4_other",0,0,1,1,1
2063,"G4_other",1,0.625,0.75,0.5,0.75
2064,"G2_with_children",1,0.375,0.75,0.75,0.75
2066,"G2_with_children",1,0.75,1,0.75,1
2068,"G1_elderly_only",1,0.625,0.25,0.25,0.25
2069,"G4_other",1,0.75,0.75,0.75,0.5
2070,"G1_elderly_only",1,0.375,0.75,0.75,0.25
2071,"G1_elderly_only",0,0.25,0.5,0.5,0.25
2074,"G4_other",1,0.75,0.75,0.5,0.5
2075,"G1_elderly_only",1,0.625,0.75,0.25,0.75
2076,"G1_elderly_only",1,0.875,0.5,0.5,0.5
2077,"G2_with_children",0,0.75,1,1,1
2079,"G1_elderly_only",1,0.375,0.75,0.75,0.5
2080,"G4_other",0,0.625,0.75,0.75,0.5
2081,"G1_elderly_only",1,0.75,1,0.75,0.75
2082,"G4_other",0,0.5,0.75,0.5,0.5
2083,"G4_other",1,0.75,1,0.5,0.5
2086,"G1_elderly_only",0,0.25,0.75,0.75,0.5
2089,"G2_with_children",1,0.75,1,1,1
2091,"G2_with_children",0,1,0.5,0.5,0.25
2092,"G3_single_nonelderly",1,0.625,0.75,0.75,0.75
2094,"G1_elderly_only",0,0.625,1,0.75,0.5
2097,"G3_single_nonelderly",1,0.625,0.75,0.5,0.75
2099,"G1_elderly_only",0,0.375,1,1,0.75
2101,"G2_with_children",1,0.5,1,0.75,0.75
2103,"G4_other",0,0.25,0.75,0.5,0.5
2104,"G4_other",1,0.375,1,1,1
2105,"G1_elderly_only",1,0.625,0.75,0.75,0.75
2106,"G4_other",1,0.125,0.75,0.5,0.5
2107,"G2_with_children",1,0.25,0.75,0.75,0.75
2111,"G2_with_children",1,0.625,0.5,0.5,0.5
2112,"G3_single_nonelderly",1,0.75,0.5,0.5,0.5
2115,"G2_with_children",1,0.625,0.5,0.5,0.5
2117,"G2_with_children",1,0,1,0.75,0.5
2119,"G3_single_nonelderly",1,0.875,0.75,0.5,0.5
2120,"G4_other",1,0.625,1,0.5,1
2121,"G1_elderly_only",1,0.375,0.75,0.5,0.5
2122,"G2_with_children",1,0.625,0.75,0.75,0.5
2123,"G3_single_nonelderly",1,1,0.75,0.75,0.75
2127,"G1_elderly_only",1,0.75,0.75,0.5,0.75
2128,"G1_elderly_only",1,0.5,0.75,0.75,0.75
2130,"G4_other",1,0.625,0.75,0.25,0.5
2131,"G1_elderly_only",0,0.875,1,1,1
2132,"G1_elderly_only",1,0.375,1,0.75,0.75
2133,"G2_with_children",1,1,1,0.25,0.75
2134,"G3_single_nonelderly",1,0,1,1,1
2135,"G2_with_children",1,0.5,0.75,0.5,0.5
2137,"G1_elderly_only",0,0.125,0.75,0.5,0.5
2138,"G4_other",1,0.5,1,0.75,0.75
2139,"G2_with_children",0,0.75,0.75,0.25,0.5
2142,"G2_with_children",1,0.5,1,0.75,0.75
2144,"G2_with_children",0,0.125,0.75,0.75,0.75
2145,"G4_other",1,0.75,0.75,0.75,0.5
2147,"G2_with_children",1,0.625,0.75,0.5,0.5
2148,"G1_elderly_only",1,0.625,0.75,0.75,0.5
2149,"G2_with_children",1,0.625,0.75,0.75,0.75
2152,"G2_with_children",1,0.625,0.5,0,0.25
2153,"G1_elderly_only",1,0.5,1,0.75,0.75
2154,"G3_single_nonelderly",1,0.75,0.75,0.5,0.5
2155,"G4_other",1,0.25,0.75,0.5,0.5
2156,"G2_with_children",0,0.5,0.75,0.5,0.5
2157,"G4_other",1,0.625,0.75,0.75,0.75
2158,"G4_other",1,0.625,0.75,0.75,0.5
2159,"G1_elderly_only",1,0.5,0.75,0.75,0.75
2162,"G2_with_children",0,0.25,0.75,0.5,0.5
2163,"G1_elderly_only",0,0.5,1,0.75,0.75
2164,"G2_with_children",1,0.25,1,0.25,0.75
2166,"G2_with_children",1,0.625,0.5,0.5,0.5
2167,"G4_other",1,0.25,0.75,0.5,0.5
2169,"G1_elderly_only",1,0.25,1,0.25,1
2170,"G2_with_children",1,0.625,0.75,0.5,0.5
2171,"G2_with_children",1,0.625,0.75,0.75,0.75
2172,"G4_other",1,0.625,0.75,0.75,0.75
2173,"G1_elderly_only",1,0.375,0.75,0.75,0.75
2175,"G4_other",1,0.5,0.75,0.75,0.75
2176,"G3_single_nonelderly",0,0.625,0.75,0.5,0.75
2177,"G2_with_children",0,0.125,0.75,0.75,0.75
2179,"G4_other",1,0.25,0.5,0.5,0.5
2180,"G4_other",1,0.5,0.75,0.5,0.25
2181,"G4_other",0,0.5,0.75,0.5,0.25
2182,"G2_with_children",0,0.25,0.75,0.5,0.5
2184,"G1_elderly_only",1,0.125,0.75,0.75,0.5
2187,"G1_elderly_only",1,0.625,1,0.5,0.5
2188,"G1_elderly_only",1,0.25,0.75,0.75,0.75
2189,"G4_other",1,0.625,0.75,0.75,0.5
2190,"G1_elderly_only",1,0.625,1,0.75,0.75
2191,"G2_with_children",1,0.25,0.75,0.75,0.75
2192,"G2_with_children",1,0.375,0.75,0.5,0.5
2194,"G3_single_nonelderly",1,0.75,1,0.75,0.75
2201,"G1_elderly_only",0,0.125,0.75,0.5,0.5
2206,"G2_with_children",1,0.875,1,0.25,0.25
2209,"G1_elderly_only",0,0.5,0.5,0.5,0.25
2211,"G2_with_children",1,0.5,0.25,0.25,0.25
2214,"G4_other",1,0.375,0.75,0.5,0.5
2215,"G2_with_children",0,0.5,1,0.75,0.75
2216,"G3_single_nonelderly",1,0.375,1,0.75,0.75
2217,"G2_with_children",1,0.75,1,0.5,0.75
2218,"G4_other",1,0.75,0.75,0.75,0.25
2220,"G4_other",0,0.125,0.75,0.5,0.5
2221,"G2_with_children",0,0.625,0.5,0.5,0.5
2222,"G2_with_children",1,0.375,1,0.5,0.5
2223,"G4_other",1,0.375,0.75,0.5,0.5
2224,"G2_with_children",1,0.375,0.5,0.5,0.5
2226,"G2_with_children",1,0.75,1,0.75,0.75
2227,"G2_with_children",1,0.5,0.75,0.5,0.5
2230,"G4_other",1,0.5,1,0.5,0.5
2231,"G3_single_nonelderly",1,1,1,1,1
2232,"G4_other",1,0.25,0.75,0.75,0.75
2233,"G1_elderly_only",1,0.375,1,0.75,1
2235,"G2_with_children",1,0.75,1,0.75,0.75
2236,"G3_single_nonelderly",1,0.375,0.5,0.5,0.75
2238,"G4_other",0,0.5,0.75,0.5,0.5
2241,"G2_with_children",1,0.875,0.5,0.5,0
2242,"G1_elderly_only",1,0.5,0.5,0.5,0.5
2244,"G2_with_children",1,0.75,1,0.5,0.5
2245,"G3_single_nonelderly",1,0.75,0.75,0.75,0.5
2246,"G2_with_children",1,0.75,0.75,0.75,0.75
2247,"G1_elderly_only",0,0.25,0.75,0.75,0.75
2252,"G2_with_children",0,0.875,0.75,0.25,0.5
2254,"G2_with_children",1,0.625,0.75,0.5,0.75
2255,"G4_other",0,0.5,0.5,0,0.5
2256,"G1_elderly_only",0,0.375,0.5,0.5,0.5
2257,"G1_elderly_only",1,0.5,0.75,0.75,0.75
2260,"G2_with_children",1,0.625,0.75,0.5,0.75
2261,"G2_with_children",1,0.625,1,0.25,0.5
2262,"G1_elderly_only",1,0.5,0.75,0.5,0.75
2263,"G2_with_children",0,0.25,0.75,0.5,0.75
2264,"G1_elderly_only",1,1,0.75,0.25,0.5
2265,"G2_with_children",0,0.5,1,0.25,0.5
2267,"G4_other",1,0.375,0.5,0.5,0.25
2268,"G3_single_nonelderly",1,0.5,0.75,0.75,0.75
2269,"G1_elderly_only",1,0.5,0.75,0.75,0.75
2270,"G1_elderly_only",0,0.5,0.75,0.5,0.75
2271,"G4_other",1,0.25,0.75,0.75,0.5
2273,"G2_with_children",1,0.75,1,0.5,0.5
2274,"G3_single_nonelderly",1,0.75,1,0.5,0.5
2275,"G1_elderly_only",1,1,1,0.25,0.5
2278,"G4_other",1,0.625,0.75,0.5,0.5
2279,"G4_other",1,0.5,0.75,0.25,0.5
2280,"G4_other",1,0.625,0.5,0.5,0.5
2281,"G2_with_children",0,0.25,0.75,0.25,0.5
2282,"G2_with_children",1,0.25,0.75,0.75,0.5
2283,"G1_elderly_only",1,0.5,0.75,0.75,0.5
2284,"G3_single_nonelderly",1,0.875,1,0,0.5
2287,"G3_single_nonelderly",1,0.5,0.5,0.5,0.5
2288,"G2_with_children",1,0.125,1,0.5,0.75
2291,"G4_other",1,0.375,0.25,0.5,0.25
2292,"G4_other",1,0.75,0.75,0.75,0.5
2293,"G3_single_nonelderly",0,0.375,0.75,0.25,0.5
2295,"G2_with_children",1,0.375,0.75,0.5,0.5
2296,"G3_single_nonelderly",1,0.5,0.5,0.25,0.5
2297,"G1_elderly_only",1,0.5,0.75,0.75,0.75
2298,"G2_with_children",1,0.875,0.25,0.25,0.5
2299,"G2_with_children",1,1,1,0.25,0.75
2300,"G3_single_nonelderly",1,1,0.75,0.5,0
2301,"G3_single_nonelderly",1,0.375,0.75,0.75,0.5
2303,"G1_elderly_only",1,1,1,1,0.75
2304,"G2_with_children",1,0.5,0.75,0.5,0.25
2309,"G1_elderly_only",1,0.75,1,0.75,0.5
2311,"G2_with_children",1,0.875,0.5,0.5,0.25
2313,"G4_other",1,0.375,0.75,0.75,0.75
2316,"G4_other",1,0.75,1,0.75,0.75
2317,"G2_with_children",1,0.625,0.75,0.75,0.75
2318,"G3_single_nonelderly",1,0.5,0.75,0.5,0.25
2320,"G4_other",1,0.75,0.75,0.5,0.5
2321,"G4_other",1,0.75,1,0.75,0.75
2324,"G2_with_children",1,0.625,1,0.75,0.75
2326,"G1_elderly_only",1,0.25,1,0.75,0.75
2327,"G2_with_children",1,0.5,0.75,0.5,0.5
2332,"G2_with_children",1,0.125,1,0.75,0.75
2333,"G1_elderly_only",1,0.5,0.75,0.5,0.5
2336,"G3_single_nonelderly",1,0.875,0.75,0.75,0.5
2337,"G1_elderly_only",1,0.5,1,0.75,0.75
2339,"G1_elderly_only",1,0.625,0.75,0.75,0.75
2340,"G2_with_children",1,0,0,0,0.75
2343,"G2_with_children",0,0.25,0.75,0.5,0.5
2345,"G1_elderly_only",1,0.625,0.75,0.75,0.75
2347,"G4_other",1,0.5,0.75,0.5,0.75
2348,"G2_with_children",0,0.25,0.5,0.25,0.75
2352,"G1_elderly_only",0,0.125,0.75,0.75,0.75
2355,"G1_elderly_only",0,0.5,0.75,0.5,0.25
2356,"G1_elderly_only",1,0.75,0.5,0.5,0.5
2358,"G2_with_children",1,0.75,0.75,0.75,0.5
2359,"G2_with_children",1,0,0.75,0.5,0.25
2360,"G2_with_children",1,0.5,0.75,0.25,0.25
2361,"G2_with_children",1,0.25,0.75,0.75,0.75
2365,"G4_other",1,0.625,0.75,0.5,0.25
2367,"G1_elderly_only",1,0.375,0.75,0.5,0.5
2368,"G1_elderly_only",1,0.25,0.5,0.5,0.5
2370,"G4_other",0,0.25,0.5,0.5,0.5
2371,"G2_with_children",1,0.75,0.75,0.5,0.75
2373,"G2_with_children",0,0.125,0.75,0.75,0.75
2375,"G4_other",1,0.75,0.75,0.5,0
2376,"G2_with_children",0,0.5,0.75,0.75,0.5
2379,"G2_with_children",1,0.5,0.5,0.5,0.5
2380,"G4_other",1,0.375,0.75,0.25,0.25
2381,"G1_elderly_only",0,0.5,0.75,0.5,0.5
2382,"G4_other",1,0.375,0.75,0.75,0.75
2383,"G4_other",1,1,1,1,1
2385,"G2_with_children",1,0.125,0.75,0.5,0.5
2387,"G4_other",1,0.5,0.75,0.5,0.5
2388,"G4_other",1,0.375,0.75,0.75,0.75
2390,"G4_other",1,1,0.75,0.5,0.5
2393,"G4_other",1,0.75,0.75,0.5,0.5
2395,"G2_with_children",1,0.75,1,1,0.75
2396,"G1_elderly_only",1,0.5,0.75,0.75,0.75
2399,"G4_other",0,1,0.75,0.25,0.5
2400,"G4_other",0,0.625,0.75,0.5,0.25
2401,"G2_with_children",1,0.25,1,0.75,0.75
2402,"G4_other",1,0.5,0.25,0.5,0.25
2403,"G2_with_children",1,0.75,1,0.25,0.25
2405,"G4_other",0,0.375,0.75,0.5,0.5
2406,"G2_with_children",1,0.625,0.75,0.75,0.75
2408,"G2_with_children",0,0.375,0.75,0.5,0.5
2410,"G2_with_children",0,0.375,0.5,0.5,0.5
2412,"G4_other",1,0.5,1,0.75,0.75
2415,"G1_elderly_only",1,0.75,0.75,0.5,0.5
2416,"G4_other",1,0.625,0.75,0.5,0.5
2418,"G1_elderly_only",1,0.25,0.75,0.75,0.5
2422,"G1_elderly_only",1,0.375,0.75,0.5,0.5
2423,"G1_elderly_only",1,0.5,0.75,0.75,0.75
2424,"G1_elderly_only",0,0.875,0.75,0.75,0.75
2425,"G2_with_children",1,1,0.75,0.25,0.5
2426,"G2_with_children",0,0.25,0.5,0.5,0.5
2427,"G4_other",1,0.625,0.75,0.25,0.5
2429,"G1_elderly_only",1,0.125,1,0.75,0.75
2434,"G3_single_nonelderly",1,0.875,0.75,0.5,0.5
2439,"G1_elderly_only",1,0.75,0.25,0.5,0.5
2444,"G1_elderly_only",0,0.5,0.75,0.5,0.5
2445,"G2_with_children",0,0,0.75,0.5,0.5
2446,"G2_with_children",1,1,1,1,0.75
2447,"G2_with_children",0,0.25,0.75,0.5,0.5
2448,"G2_with_children",1,0.875,1,0.25,0.75
2451,"G4_other",1,0.75,0.5,0,0
2452,"G4_other",1,0.375,1,0.25,0
2453,"G1_elderly_only",1,0.25,0.75,0.25,0.5
2454,"G2_with_children",1,0.625,0.75,0.5,0.75
2455,"G4_other",1,0.5,0.5,0.5,0.5
2456,"G2_with_children",1,0.125,0.75,0.5,0.5
2458,"G3_single_nonelderly",1,0.75,1,0.75,0.75
2459,"G2_with_children",1,0.375,0.5,0.5,0.5
2460,"G2_with_children",1,0.75,0.75,0.25,0.5
2462,"G4_other",1,0.875,1,0.75,0.25
2464,"G2_with_children",0,0.25,1,0.5,0.25
2473,"G2_with_children",1,0.5,0.75,0.75,0.5
2474,"G2_with_children",0,0.375,0.75,0,0.25
2475,"G1_elderly_only",1,0.625,0.75,0.75,0.75
2478,"G2_with_children",1,0.75,0.75,0.5,0.75
2480,"G4_other",0,0.625,1,0.5,0.5
2482,"G2_with_children",1,0.375,0.75,0.75,0.5
2484,"G2_with_children",1,0.25,0.75,0.5,0.5
