"household_group","term","Estimate","Est.Error","Q2.5","Q50","Q97.5"
"G1_elderly_only","Intercept",1.56305765014525,0.715842951819261,0.133645431551967,1.56162940509653,2.98242068597466
"G1_elderly_only","TP_use",0.567071865896223,0.720170149804211,-0.894158084463232,0.58343668586249,1.93742803788289
"G1_elderly_only","insurance_efficacy",0.95213149850006,0.849727207808337,-0.668052513486401,0.942433215997008,2.60790083518225
"G1_elderly_only","insurance_affordability",-0.0824747904093251,0.883744998359483,-1.77659137253585,-0.100807962368206,1.72201056806098
"G1_elderly_only","provider_trust",0.897277134207645,0.918389889449422,-0.867378222614885,0.87768798889466,2.7393585268507
"G2_with_children","Intercept",1.68529760935183,0.714348042388875,0.307119868653703,1.67422438533194,3.12435183816341
"G2_with_children","TP_use",0.89172178668011,0.758968951033718,-0.50862871805293,0.86083202291508,2.51958904781635
"G2_with_children","insurance_efficacy",0.965313189608193,0.847719933394663,-0.64891392270454,0.949455577836742,2.63451563960213
"G2_with_children","insurance_affordability",-0.173716274045933,0.876913812278249,-1.88118430874398,-0.17446732330468,1.58104494912752
"G2_with_children","provider_trust",0.839170086361114,0.923628449379085,-0.92682251914898,0.826500065582588,2.66353121915198
"G3_single_nonelderly","Intercept",1.79474171010167,0.763766511836153,0.404888153151846,1.7557276833121,3.40151409882816
"G3_single_nonelderly","TP_use",0.549875516542236,0.803356712897613,-1.15967437720292,0.56746395654136,2.03219154439663
"G3_single_nonelderly","insurance_efficacy",0.820504858030106,0.881070129003615,-0.935480374953656,0.832715674512199,2.53109589383451
"G3_single_nonelderly","insurance_affordability",-0.178202367599143,0.939995961277812,-2.02152529724758,-0.178198124679846,1.65843951606055
"G3_single_nonelderly","provider_trust",0.813816722882314,0.967212248080045,-1.09329957136343,0.81287697489482,2.75473236909938
"G4_other","Intercept",1.67930045949298,0.718556054889261,0.303641519298713,1.66436065096299,3.12285024111302
"G4_other","TP_use",0.839851405851921,0.74509203759838,-0.561151991202199,0.811629444814676,2.35614628453296
"G4_other","insurance_efficacy",0.825812393195141,0.850660098287053,-0.847217076414494,0.844225050236197,2.4907264305897
"G4_other","insurance_affordability",-0.367645056759698,0.884674966085762,-2.15811278982849,-0.346119140123239,1.29759490344459
"G4_other","provider_trust",0.700901536630659,0.909472061157016,-1.08854621357505,0.719161587240684,2.41879582979559
