,Age,2020,2021,2022,2023,2024,2025,2026,2027,2028,2029,2030,2031,2032,2033,2034,2035,2036,2037,2038,2039,2040,2041,2042,2043,2044,2045,2046,2047,2048,2049,2050,2051,2052,2053,2054,2055,2056,2057,2058,2059,2060,2061,2062,2063,2064,2065,2066,2067,2068,2069,2070,2071,2072,2073,2074,2075,2076,2077,2078,2079,2080,2081,2082,2083,2084,2085,2086,2087,2088,2089,2090,2091,2092,2093,2094,2095,2096,2097,2098,2099,2100
4,15,0.00022,0.00018,0.00017,0.00039,0.00041,0.0004,0.0004,0.00041,0.0004,0.00041,0.0004,0.00041,0.00041,0.00041,0.00041,0.00041,0.00039,0.00041,0.00041,0.0004,0.0004,0.0004,0.0004,0.0004,0.0004,0.0004,0.0004,0.0004,0.0004,0.0004,0.0004,0.00041,0.00041,0.00041,0.00041,0.00041,0.00041,0.00041,0.00041,0.00041,0.00041,0.00041,0.00041,0.00041,0.00041,0.00041,0.00041,0.00041,0.00041,0.00041,0.00041,0.00041,0.00041,0.00041,0.00041,0.00041,0.00041,0.00041,0.00041,0.00041,0.00041,0.00041,0.00041,0.00041,0.00041,0.00041,0.00041,0.00041,0.00041,0.00041,0.00041,0.00041,0.00041,0.00041,0.00041,0.00041,0.00041,0.00041,0.00041,0.00041,0.00041
5,16,0.00055,0.00054,0.00052,0.00192,0.00199,0.00201,0.002,0.002,0.00201,0.00199,0.00202,0.00199,0.00201,0.00202,0.00201,0.00203,0.00205,0.00193,0.00201,0.00203,0.00199,0.00199,0.002,0.002,0.002,0.002,0.002,0.002,0.002,0.002,0.002,0.002,0.002,0.002,0.002,0.002,0.00201,0.00201,0.00201,0.00201,0.00201,0.00201,0.00201,0.00201,0.00201,0.00201,0.00201,0.00201,0.00201,0.00201,0.00201,0.00201,0.00201,0.00201,0.00201,0.00201,0.00201,0.00201,0.00201,0.00201,0.00201,0.00201,0.00201,0.00201,0.00201,0.00201,0.00201,0.00201,0.00201,0.00201,0.00201,0.00201,0.00201,0.00201,0.00201,0.00201,0.00201,0.00201,0.00201,0.00201,0.00201
6,17,0.00172,0.0014,0.00138,0.00501,0.0052,0.00519,0.00525,0.00522,0.00522,0.00526,0.0052,0.00527,0.00519,0.00525,0.00528,0.00524,0.00529,0.00535,0.00506,0.00525,0.00531,0.0052,0.00522,0.00523,0.00522,0.00522,0.00522,0.00522,0.00523,0.00523,0.00523,0.00524,0.00524,0.00524,0.00525,0.00525,0.00525,0.00525,0.00525,0.00526,0.00526,0.00526,0.00526,0.00526,0.00526,0.00526,0.00526,0.00526,0.00526,0.00526,0.00526,0.00526,0.00526,0.00526,0.00526,0.00526,0.00526,0.00526,0.00526,0.00526,0.00526,0.00526,0.00526,0.00526,0.00526,0.00526,0.00526,0.00526,0.00526,0.00526,0.00526,0.00526,0.00526,0.00526,0.00526,0.00526,0.00526,0.00526,0.00526,0.00526,0.00526
7,18,0.00324,0.00292,0.00279,0.00802,0.0088,0.00878,0.00875,0.00885,0.0088,0.0088,0.00887,0.00879,0.0089,0.00876,0.00886,0.00891,0.00885,0.00894,0.00904,0.00854,0.00887,0.00897,0.0088,0.00882,0.00884,0.00883,0.00883,0.00883,0.00883,0.00884,0.00884,0.00885,0.00886,0.00887,0.00887,0.00888,0.00888,0.00889,0.00889,0.00889,0.0089,0.0089,0.0089,0.0089,0.00891,0.00891,0.00891,0.00891,0.00891,0.00891,0.00891,0.00891,0.00891,0.00891,0.00891,0.00891,0.00891,0.00891,0.00891,0.00891,0.00891,0.00891,0.00891,0.00891,0.00891,0.00891,0.00891,0.00891,0.00891,0.00891,0.00891,0.00891,0.00891,0.00891,0.00891,0.00891,0.00891,0.00891,0.00891,0.00891,0.00891
8,19,0.00661,0.00638,0.00623,0.01333,0.01533,0.01584,0.01581,0.01576,0.01594,0.01585,0.01585,0.01598,0.01582,0.01603,0.01578,0.01595,0.01605,0.01594,0.0161,0.01628,0.01538,0.01597,0.01615,0.01583,0.01587,0.01591,0.01589,0.01588,0.01589,0.01589,0.0159,0.01591,0.01592,0.01594,0.01595,0.01596,0.01596,0.01597,0.01598,0.01598,0.01599,0.01599,0.016,0.016,0.01601,0.01601,0.01601,0.01602,0.01602,0.01602,0.01602,0.01602,0.01602,0.01602,0.01602,0.01602,0.01602,0.01602,0.01602,0.01602,0.01602,0.01602,0.01602,0.01602,0.01602,0.01602,0.01602,0.01602,0.01602,0.01602,0.01602,0.01602,0.01602,0.01602,0.01602,0.01602,0.01602,0.01602,0.01602,0.01602,0.01602
9,20,0.01098,0.01063,0.01029,0.01848,0.01951,0.02111,0.02148,0.02143,0.02137,0.02161,0.02149,0.02149,0.02166,0.02144,0.02173,0.02139,0.02163,0.02176,0.02161,0.02184,0.02209,0.02086,0.02166,0.02191,0.02148,0.02153,0.02159,0.02156,0.02155,0.02155,0.02156,0.02157,0.02158,0.0216,0.02162,0.02163,0.02165,0.02166,0.02167,0.02168,0.02169,0.02169,0.0217,0.02171,0.02171,0.02172,0.02173,0.02173,0.02173,0.02174,0.02173,0.02173,0.02173,0.02173,0.02173,0.02173,0.02173,0.02173,0.02173,0.02173,0.02173,0.02173,0.02173,0.02173,0.02173,0.02173,0.02173,0.02173,0.02173,0.02173,0.02173,0.02173,0.02173,0.02173,0.02173,0.02173,0.02173,0.02173,0.02173,0.02173,0.02173
10,21,0.01639,0.01594,0.01536,0.02341,0.02519,0.02543,0.02695,0.02728,0.02722,0.02714,0.02745,0.0273,0.0273,0.02752,0.02725,0.02762,0.02718,0.02749,0.02766,0.02747,0.02777,0.02809,0.02653,0.02755,0.02787,0.02731,0.02738,0.02746,0.02743,0.02741,0.02741,0.02743,0.02744,0.02746,0.02749,0.02751,0.02752,0.02754,0.02756,0.02757,0.02759,0.0276,0.02761,0.02762,0.02763,0.02763,0.02764,0.02765,0.02766,0.02766,0.02767,0.02767,0.02767,0.02767,0.02767,0.02767,0.02767,0.02767,0.02767,0.02767,0.02767,0.02767,0.02767,0.02767,0.02767,0.02767,0.02767,0.02767,0.02767,0.02767,0.02767,0.02767,0.02767,0.02767,0.02767,0.02767,0.02767,0.02767,0.02767,0.02767,0.02767
11,22,0.0216,0.02235,0.0215,0.02844,0.03009,0.03102,0.03097,0.03267,0.03296,0.0329,0.03279,0.03317,0.03299,0.03299,0.03326,0.03293,0.03338,0.03286,0.03323,0.03344,0.03322,0.03358,0.03397,0.03209,0.03332,0.0337,0.03304,0.03312,0.03321,0.03318,0.03315,0.03316,0.03318,0.0332,0.03322,0.03325,0.03328,0.0333,0.03333,0.03335,0.03337,0.03338,0.0334,0.03341,0.03342,0.03343,0.03344,0.03345,0.03346,0.03347,0.03348,0.03348,0.03348,0.03348,0.03348,0.03348,0.03348,0.03348,0.03348,0.03348,0.03348,0.03348,0.03348,0.03348,0.03348,0.03348,0.03348,0.03348,0.03348,0.03348,0.03348,0.03348,0.03348,0.03348,0.03348,0.03348,0.03348,0.03348,0.03348,0.03348,0.03348
12,23,0.02884,0.03033,0.02946,0.03457,0.03633,0.03694,0.03782,0.03783,0.03972,0.03991,0.03983,0.03971,0.04017,0.03995,0.03996,0.04028,0.03989,0.04043,0.0398,0.04025,0.0405,0.04025,0.04068,0.04115,0.03887,0.04037,0.04083,0.04003,0.04013,0.04024,0.04019,0.04017,0.04018,0.0402,0.04023,0.04025,0.04029,0.04032,0.04035,0.04038,0.04041,0.04043,0.04045,0.04047,0.04048,0.0405,0.04051,0.04052,0.04054,0.04055,0.04056,0.04056,0.04056,0.04056,0.04056,0.04056,0.04056,0.04056,0.04056,0.04056,0.04056,0.04056,0.04056,0.04056,0.04056,0.04056,0.04056,0.04056,0.04056,0.04056,0.04056,0.04056,0.04056,0.04056,0.04056,0.04056,0.04056,0.04056,0.04056,0.04056,0.04056
13,24,0.03703,0.04026,0.03879,0.0428,0.04478,0.04532,0.04591,0.04714,0.04714,0.04919,0.04926,0.04916,0.04901,0.04958,0.04931,0.04932,0.04971,0.04924,0.04991,0.04913,0.04969,0.05,0.04969,0.05022,0.05081,0.04799,0.04984,0.05042,0.04942,0.04955,0.04968,0.04963,0.0496,0.04961,0.04964,0.04967,0.0497,0.04975,0.04979,0.04983,0.04986,0.0499,0.04993,0.04995,0.04997,0.04999,0.05001,0.05003,0.05005,0.05006,0.05008,0.05008,0.05008,0.05008,0.05008,0.05008,0.05008,0.05008,0.05008,0.05008,0.05008,0.05008,0.05008,0.05008,0.05008,0.05008,0.05008,0.05008,0.05008,0.05008,0.05008,0.05008,0.05008,0.05008,0.05008,0.05008,0.05008,0.05008,0.05008,0.05008,0.05008
14,25,0.04845,0.05334,0.05133,0.05141,0.05432,0.05482,0.05533,0.0562,0.05768,0.05755,0.05977,0.05966,0.05955,0.05937,0.06005,0.05973,0.05974,0.06023,0.05965,0.06047,0.05953,0.0602,0.06059,0.06021,0.06086,0.06157,0.05816,0.0604,0.0611,0.0599,0.06005,0.06022,0.06015,0.06011,0.06013,0.06017,0.06021,0.06025,0.06031,0.06036,0.0604,0.06045,0.06049,0.06052,0.06056,0.06058,0.06061,0.06063,0.06065,0.06068,0.0607,0.0607,0.0607,0.0607,0.0607,0.0607,0.0607,0.0607,0.0607,0.0607,0.0607,0.0607,0.0607,0.0607,0.0607,0.0607,0.0607,0.0607,0.0607,0.0607,0.0607,0.0607,0.0607,0.0607,0.0607,0.0607,0.0607,0.0607,0.0607,0.0607,0.0607
15,26,0.06066,0.06656,0.06495,0.06295,0.06582,0.0671,0.06754,0.06833,0.06937,0.07105,0.07079,0.07327,0.07296,0.07282,0.0726,0.07344,0.07305,0.07306,0.07366,0.07296,0.07396,0.07281,0.07364,0.07411,0.07365,0.07445,0.07532,0.07115,0.07389,0.07475,0.07328,0.07347,0.07367,0.07359,0.07355,0.07357,0.07362,0.07366,0.07371,0.07379,0.07385,0.07391,0.07396,0.07401,0.07406,0.0741,0.07414,0.07417,0.0742,0.07422,0.07425,0.07425,0.07425,0.07425,0.07425,0.07425,0.07425,0.07425,0.07425,0.07425,0.07425,0.07425,0.07425,0.07425,0.07425,0.07425,0.07425,0.07425,0.07425,0.07425,0.07425,0.07425,0.07425,0.07425,0.07425,0.07425,0.07425,0.07425,0.07425,0.07425,0.07425
16,27,0.07588,0.08226,0.08009,0.07561,0.07882,0.07955,0.08089,0.08155,0.08244,0.08348,0.08536,0.08497,0.08767,0.08709,0.08692,0.08666,0.08767,0.0872,0.08722,0.08793,0.0871,0.0883,0.08693,0.08792,0.08849,0.08794,0.0889,0.08995,0.08497,0.08824,0.08928,0.08752,0.08775,0.08799,0.0879,0.08785,0.08788,0.08793,0.08799,0.08805,0.08814,0.08822,0.08829,0.08836,0.08842,0.08847,0.08852,0.08857,0.08861,0.08864,0.08868,0.08868,0.08868,0.08868,0.08868,0.08868,0.08868,0.08868,0.08868,0.08868,0.08868,0.08868,0.08868,0.08868,0.08868,0.08868,0.08868,0.08868,0.08868,0.08868,0.08868,0.08868,0.08868,0.08868,0.08868,0.08868,0.08868,0.08868,0.08868,0.08868,0.08868
17,28,0.08914,0.09814,0.09328,0.08704,0.09194,0.09254,0.09314,0.09483,0.09551,0.0963,0.09736,0.09943,0.09887,0.10166,0.10084,0.10065,0.10034,0.10151,0.10098,0.10101,0.10184,0.10088,0.10227,0.10069,0.10184,0.1025,0.10187,0.10299,0.10421,0.09844,0.10224,0.10344,0.10141,0.10167,0.10196,0.10185,0.10179,0.10183,0.10189,0.10196,0.10204,0.10214,0.10223,0.10232,0.1024,0.10247,0.10254,0.1026,0.10265,0.1027,0.10274,0.10274,0.10274,0.10274,0.10274,0.10274,0.10274,0.10274,0.10274,0.10274,0.10274,0.10274,0.10274,0.10274,0.10274,0.10274,0.10274,0.10274,0.10274,0.10274,0.10274,0.10274,0.10274,0.10274,0.10274,0.10274,0.10274,0.10274,0.10274,0.10274,0.10274
18,29,0.10024,0.11047,0.10804,0.09704,0.10229,0.1043,0.10469,0.10552,0.10735,0.10788,0.1086,0.10964,0.11183,0.11093,0.11384,0.11278,0.11257,0.11223,0.11353,0.11294,0.11297,0.1139,0.11283,0.11439,0.11262,0.11391,0.11465,0.11395,0.1152,0.11657,0.11012,0.11437,0.11571,0.11345,0.11374,0.11406,0.11395,0.11388,0.11393,0.114,0.11407,0.11416,0.11428,0.11438,0.11448,0.11457,0.11466,0.11473,0.1148,0.11486,0.11491,0.11491,0.11491,0.11491,0.11491,0.11491,0.11491,0.11491,0.11491,0.11491,0.11491,0.11491,0.11491,0.11491,0.11491,0.11491,0.11491,0.11491,0.11491,0.11491,0.11491,0.11491,0.11491,0.11491,0.11491,0.11491,0.11491,0.11491,0.11491,0.11491,0.11491
19,30,0.10445,0.11449,0.10934,0.10249,0.10542,0.10718,0.10901,0.10964,0.11049,0.11222,0.11264,0.11328,0.11421,0.11621,0.11519,0.11802,0.1168,0.11658,0.11623,0.11759,0.11697,0.11701,0.11797,0.11687,0.11849,0.11666,0.11799,0.11877,0.11805,0.11936,0.12078,0.1141,0.1185,0.1199,0.11756,0.11786,0.1182,0.11808,0.11801,0.11807,0.11814,0.11822,0.11831,0.11844,0.11855,0.11865,0.11875,0.11884,0.11892,0.119,0.11906,0.11906,0.11906,0.11906,0.11906,0.11906,0.11906,0.11906,0.11906,0.11906,0.11906,0.11906,0.11906,0.11906,0.11906,0.11906,0.11906,0.11906,0.11906,0.11906,0.11906,0.11906,0.11906,0.11906,0.11906,0.11906,0.11906,0.11906,0.11906,0.11906,0.11906
20,31,0.10466,0.11387,0.10961,0.10196,0.10784,0.10702,0.10868,0.1109,0.11165,0.1124,0.1141,0.11445,0.11499,0.11569,0.11764,0.11654,0.11923,0.11792,0.11771,0.11735,0.11873,0.11812,0.11816,0.11914,0.11803,0.11967,0.11783,0.11919,0.11998,0.11927,0.1206,0.12205,0.11531,0.11976,0.12118,0.11882,0.11913,0.11948,0.11936,0.1193,0.11935,0.11943,0.11952,0.11962,0.11975,0.11987,0.11997,0.12008,0.12018,0.12026,0.12034,0.12034,0.12034,0.12034,0.12034,0.12034,0.12034,0.12034,0.12034,0.12034,0.12034,0.12034,0.12034,0.12034,0.12034,0.12034,0.12034,0.12034,0.12034,0.12034,0.12034,0.12034,0.12034,0.12034,0.12034,0.12034,0.12034,0.12034,0.12034,0.12034,0.12034
21,32,0.09935,0.10909,0.10409,0.09963,0.10276,0.10495,0.10423,0.10633,0.10869,0.10936,0.11008,0.11172,0.112,0.11233,0.11294,0.11478,0.11363,0.11616,0.11483,0.11463,0.11428,0.11563,0.11504,0.11508,0.11605,0.11498,0.11659,0.11481,0.11613,0.11692,0.11624,0.11755,0.11898,0.11242,0.11676,0.11816,0.11587,0.11618,0.11652,0.11641,0.11635,0.11641,0.1165,0.11659,0.11669,0.11682,0.11694,0.11705,0.11716,0.11726,0.11736,0.11736,0.11736,0.11736,0.11736,0.11736,0.11736,0.11736,0.11736,0.11736,0.11736,0.11736,0.11736,0.11736,0.11736,0.11736,0.11736,0.11736,0.11736,0.11736,0.11736,0.11736,0.11736,0.11736,0.11736,0.11736,0.11736,0.11736,0.11736,0.11736,0.11736
22,33,0.09224,0.10137,0.09738,0.09282,0.09641,0.09614,0.09844,0.09831,0.10049,0.10269,0.10334,0.10401,0.10552,0.10564,0.10591,0.10642,0.10807,0.10696,0.10926,0.10797,0.10778,0.10746,0.10872,0.10817,0.10822,0.10913,0.10814,0.10965,0.10798,0.10923,0.10998,0.10935,0.1106,0.11195,0.10578,0.10986,0.11119,0.10904,0.10933,0.10966,0.10956,0.10951,0.10957,0.10965,0.10974,0.10984,0.10997,0.11009,0.11019,0.1103,0.1104,0.1104,0.1104,0.1104,0.1104,0.1104,0.1104,0.1104,0.1104,0.1104,0.1104,0.1104,0.1104,0.1104,0.1104,0.1104,0.1104,0.1104,0.1104,0.1104,0.1104,0.1104,0.1104,0.1104,0.1104,0.1104,0.1104,0.1104,0.1104,0.1104,0.1104
23,34,0.08704,0.09351,0.09003,0.08557,0.08807,0.08865,0.08881,0.09154,0.09166,0.09367,0.09574,0.09635,0.09695,0.09822,0.0983,0.09848,0.09885,0.10033,0.09927,0.10135,0.10014,0.09996,0.09966,0.10084,0.10033,0.10038,0.10123,0.10032,0.10172,0.10018,0.10135,0.10205,0.10148,0.10264,0.10391,0.09818,0.10198,0.10322,0.10123,0.10151,0.10181,0.10172,0.10168,0.10174,0.10182,0.1019,0.102,0.10212,0.10224,0.10234,0.10244,0.10244,0.10244,0.10244,0.10244,0.10244,0.10244,0.10244,0.10244,0.10244,0.10244,0.10244,0.10244,0.10244,0.10244,0.10244,0.10244,0.10244,0.10244,0.10244,0.10244,0.10244,0.10244,0.10244,0.10244,0.10244,0.10244,0.10244,0.10244,0.10244,0.10244
24,35,0.07735,0.08374,0.07964,0.07692,0.07953,0.07947,0.08047,0.08119,0.08393,0.08405,0.08594,0.08786,0.08843,0.08889,0.09005,0.09008,0.09018,0.09047,0.09179,0.09081,0.09268,0.09156,0.0914,0.09112,0.0922,0.09174,0.09178,0.09257,0.09173,0.09303,0.09162,0.09269,0.09334,0.09282,0.09389,0.09506,0.08983,0.0933,0.09444,0.09263,0.09288,0.09316,0.09308,0.09305,0.0931,0.09318,0.09326,0.09334,0.09346,0.09357,0.09367,0.09367,0.09367,0.09367,0.09367,0.09367,0.09367,0.09367,0.09367,0.09367,0.09367,0.09367,0.09367,0.09367,0.09367,0.09367,0.09367,0.09367,0.09367,0.09367,0.09367,0.09367,0.09367,0.09367,0.09367,0.09367,0.09367,0.09367,0.09367,0.09367,0.09367
25,36,0.06641,0.07163,0.06903,0.06572,0.06773,0.06793,0.0682,0.06946,0.07024,0.0726,0.07273,0.07437,0.07604,0.07647,0.07688,0.07787,0.07786,0.07793,0.07817,0.07931,0.07848,0.08009,0.07912,0.07898,0.07874,0.07967,0.07927,0.07931,0.07999,0.07928,0.0804,0.07919,0.08011,0.08068,0.08024,0.08117,0.08218,0.07767,0.08067,0.08167,0.0801,0.08032,0.08056,0.0805,0.08047,0.08052,0.08058,0.08066,0.08073,0.08084,0.08093,0.08093,0.08093,0.08093,0.08093,0.08093,0.08093,0.08093,0.08093,0.08093,0.08093,0.08093,0.08093,0.08093,0.08093,0.08093,0.08093,0.08093,0.08093,0.08093,0.08093,0.08093,0.08093,0.08093,0.08093,0.08093,0.08093,0.08093,0.08093,0.08093,0.08093
26,37,0.05489,0.05914,0.05678,0.05538,0.05559,0.05564,0.05613,0.05674,0.05798,0.05867,0.06068,0.06081,0.06219,0.06353,0.06389,0.06421,0.06501,0.06497,0.06501,0.06519,0.06614,0.06545,0.06679,0.06598,0.06586,0.06566,0.06644,0.06611,0.06615,0.06672,0.06613,0.06706,0.06605,0.06683,0.06731,0.06694,0.06773,0.06857,0.06481,0.06732,0.06815,0.06684,0.06703,0.06723,0.06718,0.06716,0.0672,0.06726,0.06732,0.06739,0.06748,0.06748,0.06748,0.06748,0.06748,0.06748,0.06748,0.06748,0.06748,0.06748,0.06748,0.06748,0.06748,0.06748,0.06748,0.06748,0.06748,0.06748,0.06748,0.06748,0.06748,0.06748,0.06748,0.06748,0.06748,0.06748,0.06748,0.06748,0.06748,0.06748,0.06748
27,38,0.04396,0.04762,0.04533,0.0442,0.04533,0.04429,0.04461,0.04532,0.04596,0.04698,0.04756,0.04921,0.04932,0.05039,0.05149,0.05178,0.05203,0.05267,0.05264,0.05267,0.05282,0.0536,0.05305,0.05414,0.05349,0.05339,0.05323,0.05386,0.05359,0.05362,0.05409,0.05361,0.05437,0.05356,0.05419,0.05458,0.05429,0.05493,0.05562,0.05256,0.0546,0.05528,0.05422,0.05437,0.05454,0.0545,0.05448,0.05452,0.05457,0.05462,0.05467,0.05467,0.05467,0.05467,0.05467,0.05467,0.05467,0.05467,0.05467,0.05467,0.05467,0.05467,0.05467,0.05467,0.05467,0.05467,0.05467,0.05467,0.05467,0.05467,0.05467,0.05467,0.05467,0.05467,0.05467,0.05467,0.05467,0.05467,0.05467,0.05467,0.05467
28,39,0.03514,0.03825,0.03567,0.03401,0.03524,0.03522,0.03466,0.03516,0.03582,0.03634,0.03716,0.03762,0.03892,0.03897,0.03982,0.04069,0.04091,0.0411,0.04161,0.04159,0.04162,0.04174,0.04237,0.04194,0.0428,0.04229,0.04221,0.04208,0.04258,0.04237,0.04239,0.04276,0.04238,0.04299,0.04234,0.04284,0.04315,0.04292,0.04343,0.04397,0.04156,0.04317,0.04371,0.04287,0.04299,0.04312,0.04309,0.04308,0.04311,0.04314,0.04319,0.04319,0.04319,0.04319,0.04319,0.04319,0.04319,0.04319,0.04319,0.04319,0.04319,0.04319,0.04319,0.04319,0.04319,0.04319,0.04319,0.04319,0.04319,0.04319,0.04319,0.04319,0.04319,0.04319,0.04319,0.04319,0.04319,0.04319,0.04319,0.04319,0.04319
29,40,0.02528,0.03015,0.02744,0.02458,0.0251,0.02543,0.02558,0.02537,0.0258,0.02629,0.02668,0.0273,0.02764,0.02858,0.02863,0.02926,0.02989,0.03005,0.0302,0.03058,0.03057,0.0306,0.03069,0.03115,0.03084,0.03148,0.03111,0.03105,0.03096,0.03132,0.03117,0.03119,0.03146,0.03118,0.03163,0.03116,0.03152,0.03176,0.03159,0.03196,0.03237,0.03059,0.03178,0.03217,0.03156,0.03165,0.03175,0.03173,0.03172,0.03174,0.03177,0.03177,0.03177,0.03177,0.03177,0.03177,0.03177,0.03177,0.03177,0.03177,0.03177,0.03177,0.03177,0.03177,0.03177,0.03177,0.03177,0.03177,0.03177,0.03177,0.03177,0.03177,0.03177,0.03177,0.03177,0.03177,0.03177,0.03177,0.03177,0.03177,0.03177
30,41,0.01715,0.02037,0.0189,0.0167,0.01663,0.01657,0.01688,0.01708,0.017,0.01727,0.0176,0.01787,0.01827,0.01849,0.01912,0.01915,0.01956,0.01999,0.0201,0.0202,0.02046,0.02046,0.02048,0.02054,0.02086,0.02066,0.0211,0.02085,0.02081,0.02075,0.02099,0.02089,0.0209,0.02109,0.0209,0.0212,0.02089,0.02113,0.02129,0.02118,0.02143,0.02171,0.02052,0.02131,0.02158,0.02117,0.02123,0.0213,0.02128,0.02128,0.02129,0.02129,0.02129,0.02129,0.02129,0.02129,0.02129,0.02129,0.02129,0.02129,0.02129,0.02129,0.02129,0.02129,0.02129,0.02129,0.02129,0.02129,0.02129,0.02129,0.02129,0.02129,0.02129,0.02129,0.02129,0.02129,0.02129,0.02129,0.02129,0.02129,0.02129
31,42,0.01016,0.0134,0.01205,0.01041,0.0102,0.00989,0.00988,0.0101,0.01027,0.01026,0.01042,0.01062,0.01078,0.01101,0.01113,0.01151,0.01152,0.01178,0.01204,0.01211,0.01218,0.01235,0.01236,0.01238,0.01242,0.01262,0.01252,0.01279,0.01265,0.01262,0.01259,0.01274,0.01268,0.01269,0.0128,0.01269,0.01287,0.01268,0.01284,0.01293,0.01287,0.01303,0.0132,0.01248,0.01296,0.01313,0.01288,0.01292,0.01296,0.01295,0.01295,0.01295,0.01295,0.01295,0.01295,0.01295,0.01295,0.01295,0.01295,0.01295,0.01295,0.01295,0.01295,0.01295,0.01295,0.01295,0.01295,0.01295,0.01295,0.01295,0.01295,0.01295,0.01295,0.01295,0.01295,0.01295,0.01295,0.01295,0.01295,0.01295,0.01295
32,43,0.00573,0.00826,0.00726,0.0059,0.0059,0.00564,0.0055,0.00555,0.00569,0.00579,0.00578,0.00588,0.00599,0.00607,0.0062,0.00627,0.00648,0.00649,0.00663,0.00677,0.00682,0.00686,0.00695,0.00696,0.00697,0.007,0.00711,0.00706,0.00721,0.00713,0.00712,0.0071,0.00718,0.00715,0.00715,0.00722,0.00716,0.00726,0.00715,0.00724,0.0073,0.00726,0.00735,0.00745,0.00704,0.00731,0.00741,0.00727,0.00729,0.00731,0.00731,0.00731,0.00731,0.00731,0.00731,0.00731,0.00731,0.00731,0.00731,0.00731,0.00731,0.00731,0.00731,0.00731,0.00731,0.00731,0.00731,0.00731,0.00731,0.00731,0.00731,0.00731,0.00731,0.00731,0.00731,0.00731,0.00731,0.00731,0.00731,0.00731,0.00731
33,44,0.00267,0.00455,0.00364,0.00281,0.00273,0.00267,0.00256,0.0025,0.00252,0.00258,0.00264,0.00266,0.0027,0.00274,0.00278,0.00283,0.00286,0.00296,0.00296,0.00303,0.0031,0.00312,0.00314,0.00319,0.0032,0.0032,0.00322,0.00328,0.00325,0.00333,0.00329,0.00329,0.00328,0.00332,0.0033,0.0033,0.00333,0.00331,0.00335,0.00331,0.00335,0.00337,0.00336,0.0034,0.00344,0.00325,0.00338,0.00343,0.00336,0.00337,0.00338,0.00338,0.00338,0.00338,0.00338,0.00338,0.00338,0.00338,0.00338,0.00338,0.00338,0.00338,0.00338,0.00338,0.00338,0.00338,0.00338,0.00338,0.00338,0.00338,0.00338,0.00338,0.00338,0.00338,0.00338,0.00338,0.00338,0.00338,0.00338,0.00338,0.00338
34,45,0.00108,0.00247,0.00183,0.00124,0.00119,0.00113,0.00111,0.00108,0.00106,0.00107,0.00109,0.00112,0.00114,0.00115,0.00117,0.00119,0.00121,0.00123,0.00127,0.00127,0.0013,0.00133,0.00134,0.00135,0.00137,0.00138,0.00138,0.00139,0.00142,0.00141,0.00145,0.00143,0.00143,0.00143,0.00144,0.00144,0.00144,0.00145,0.00144,0.00146,0.00144,0.00146,0.00147,0.00147,0.00149,0.00151,0.00143,0.00148,0.0015,0.00148,0.00148,0.00148,0.00148,0.00148,0.00148,0.00148,0.00148,0.00148,0.00148,0.00148,0.00148,0.00148,0.00148,0.00148,0.00148,0.00148,0.00148,0.00148,0.00148,0.00148,0.00148,0.00148,0.00148,0.00148,0.00148,0.00148,0.00148,0.00148,0.00148,0.00148,0.00148
35,46,0.0004,0.00107,0.00073,0.00058,0.0005,0.00046,0.00043,0.00043,0.00042,0.00041,0.00042,0.00043,0.00045,0.00046,0.00046,0.00047,0.00047,0.00048,0.00049,0.0005,0.0005,0.00051,0.00053,0.00053,0.00054,0.00055,0.00055,0.00055,0.00055,0.00057,0.00057,0.00058,0.00057,0.00057,0.00057,0.00058,0.00058,0.00058,0.00058,0.00058,0.00059,0.00058,0.00058,0.00059,0.00059,0.0006,0.0006,0.00057,0.00059,0.0006,0.00059,0.00059,0.00059,0.00059,0.00059,0.00059,0.00059,0.00059,0.00059,0.00059,0.00059,0.00059,0.00059,0.00059,0.00059,0.00059,0.00059,0.00059,0.00059,0.00059,0.00059,0.00059,0.00059,0.00059,0.00059,0.00059,0.00059,0.00059,0.00059,0.00059,0.00059
36,47,0.00015,0.00056,0.00039,0.00027,0.00021,0.00017,0.00016,0.00016,0.00016,0.00015,0.00015,0.00015,0.00016,0.00016,0.00017,0.00017,0.00017,0.00018,0.00018,0.00018,0.00018,0.00019,0.00019,0.00019,0.0002,0.0002,0.0002,0.0002,0.0002,0.00021,0.00021,0.00021,0.00022,0.00021,0.00021,0.00021,0.00022,0.00021,0.00021,0.00022,0.00022,0.00022,0.00022,0.00022,0.00022,0.00022,0.00022,0.00023,0.00021,0.00022,0.00022,0.00022,0.00022,0.00022,0.00022,0.00022,0.00022,0.00022,0.00022,0.00022,0.00022,0.00022,0.00022,0.00022,0.00022,0.00022,0.00022,0.00022,0.00022,0.00022,0.00022,0.00022,0.00022,0.00022,0.00022,0.00022,0.00022,0.00022,0.00022,0.00022,0.00022
37,48,7e-05,0.00016,0.00013,0.00017,0.00013,0.0001,9e-05,8e-05,8e-05,8e-05,8e-05,7e-05,8e-05,8e-05,8e-05,9e-05,9e-05,9e-05,9e-05,9e-05,9e-05,9e-05,9e-05,9e-05,0.0001,0.0001,0.0001,0.0001,0.0001,0.0001,0.0001,0.0001,0.0001,0.00011,0.00011,0.00011,0.00011,0.00011,0.00011,0.00011,0.00011,0.00011,0.00011,0.00011,0.00011,0.00011,0.00011,0.00011,0.00012,0.00011,0.00011,0.00011,0.00011,0.00011,0.00011,0.00011,0.00011,0.00011,0.00011,0.00011,0.00011,0.00011,0.00011,0.00011,0.00011,0.00011,0.00011,0.00011,0.00011,0.00011,0.00011,0.00011,0.00011,0.00011,0.00011,0.00011,0.00011,0.00011,0.00011,0.00011,0.00011
38,49,0.0001,0.00017,0.00017,0.00034,0.00027,0.0002,0.00015,0.00013,0.00012,0.00011,0.00011,0.00011,0.00011,0.00012,0.00012,0.00013,0.00013,0.00013,0.00013,0.00013,0.00013,0.00013,0.00014,0.00014,0.00014,0.00014,0.00014,0.00014,0.00015,0.00015,0.00015,0.00015,0.00015,0.00015,0.00016,0.00015,0.00015,0.00015,0.00016,0.00015,0.00015,0.00016,0.00016,0.00016,0.00016,0.00016,0.00016,0.00016,0.00016,0.00016,0.00015,0.00015,0.00015,0.00015,0.00015,0.00015,0.00015,0.00015,0.00015,0.00015,0.00015,0.00015,0.00015,0.00015,0.00015,0.00015,0.00015,0.00015,0.00015,0.00015,0.00015,0.00015,0.00015,0.00015,0.00015,0.00015,0.00015,0.00015,0.00015,0.00015,0.00015
